ContentDatabase,DeleteTransactionId,IsCustomized,PageContentType,PageId,PageLayoutName,PageLayoutServerRelativeUrl,PageName,PageServerRelativeUrl,PageTitle,PageUrl,SiteCollection,SiteCollectionOwner,SolutionName,WebApplication,WebUrl
Portal_Content_01,0x,False,0x010100C568DB52D9D0A14D9B2FDCC96666E9F2007948130EC3DB064584E219954237AF3900242457EFB8B24247815D688C526CD44D007BB82468AA36D6419BF73D4FFFB0F67700283780358C01AA439522877EBB9FF5F6,2,Landing.aspx,/sites/TMaster2publishing/_catalogs/masterpage/Landing.aspx,Landing.aspx,/sites/TMaster2publishing/Pages/Landing.aspx,,Pages/Landing.aspx,https://intranet.poc.com/sites/TMaster2publishing,N/A,aviva.oneintranet.solution.web.wsp,https://intranet.poc.com/,https://intranet.poc.com/sites/TMaster2publishing
Portal_Content_01,0x,False,0x010100C568DB52D9D0A14D9B2FDCC96666E9F2007948130EC3DB064584E219954237AF3900242457EFB8B24247815D688C526CD44D007BB82468AA36D6419BF73D4FFFB0F6770042EF11494662E54587AD8859C700A897,2,Landing.aspx,/sites/testv/_catalogs/masterpage/Landing.aspx,Landing.aspx,/sites/testv/Pages/Landing.aspx,,Pages/Landing.aspx,https://intranet.poc.com/sites/testv,N/A,aviva.oneintranet.solution.web.wsp,https://intranet.poc.com/,https://intranet.poc.com/sites/testv
Portal_Content_01,0x,False,0x010100C568DB52D9D0A14D9B2FDCC96666E9F2007948130EC3DB064584E219954237AF390064DEA0F50FC8C147B0B6EA0636C4A7D4008FCDC60EFAAD413DA3C18434003726F500196141DA1913D043870785C6E391FE88,2,ContosoWelcomeLinks.aspx,/sites/SudhaContosoPublishingSite/_catalogs/masterpage/ContosoWelcomeLinks.aspx,TestListMigration.aspx,/sites/SudhaContosoPublishingSite/Pages/TestListMigration.aspx,TestListMigration,Pages/TestListMigration.aspx,https://intranet.poc.com/sites/SudhaContosoPublishingSite,N/A,contoso.intranet.wsp,https://intranet.poc.com/,https://intranet.poc.com/sites/SudhaContosoPublishingSite
Portal_Content_01,0x,False,0x010100C568DB52D9D0A14D9B2FDCC96666E9F2007948130EC3DB064584E219954237AF390064DEA0F50FC8C147B0B6EA0636C4A7D4008FCDC60EFAAD413DA3C18434003726F500196141DA1913D043870785C6E391FE88,3,ContosoWelcomeLinks.aspx,/sites/SudhaContosoPublishingSite/_catalogs/masterpage/ContosoWelcomeLinks.aspx,TestingPublishingPage.aspx,/sites/SudhaContosoPublishingSite/Pages/TestingPublishingPage.aspx,TestingPublishingPage,Pages/TestingPublishingPage.aspx,https://intranet.poc.com/sites/SudhaContosoPublishingSite,N/A,contoso.intranet.wsp,https://intranet.poc.com/,https://intranet.poc.com/sites/SudhaContosoPublishingSite
Portal_Content_01,0x,False,0x010100C568DB52D9D0A14D9B2FDCC96666E9F2007948130EC3DB064584E219954237AF390064DEA0F50FC8C147B0B6EA0636C4A7D4008FCDC60EFAAD413DA3C18434003726F500AEBE28C56CF2A54EB8267B2E5A9D8612,8,ContosoWelcomeLinks.aspx,/sites/TestContosoPublishingSite/_catalogs/masterpage/ContosoWelcomeLinks.aspx,BulkWebPartTransformation.aspx,/sites/TestContosoPublishingSite/Pages/BulkWebPartTransformation.aspx,BulkWebPartTransformation,Pages/BulkWebPartTransformation.aspx,https://intranet.poc.com/sites/TestContosoPublishingSite,N/A,contoso.intranet.wsp,https://intranet.poc.com/,https://intranet.poc.com/sites/TestContosoPublishingSite
Portal_Content_01,0x,False,0x010100C568DB52D9D0A14D9B2FDCC96666E9F2007948130EC3DB064584E219954237AF390064DEA0F50FC8C147B0B6EA0636C4A7D4008FCDC60EFAAD413DA3C18434003726F500FBB46FB5FA6672428920EA8322752892,3,ContosoWelcomeLinks.aspx,/sites/AnubhavPublishing/_catalogs/masterpage/ContosoWelcomeLinks.aspx,Test2.aspx,/sites/AnubhavPublishing/Pages/Test2.aspx,Test2,Pages/Test2.aspx,https://intranet.poc.com/sites/AnubhavPublishing,N/A,contoso.intranet.wsp,https://intranet.poc.com/,https://intranet.poc.com/sites/AnubhavPublishing
Portal_Content_01,0x,False,0x010100C568DB52D9D0A14D9B2FDCC96666E9F2007948130EC3DB064584E219954237AF3900242457EFB8B24247815D688C526CD44D007BB82468AA36D6419BF73D4FFFB0F67700B7E73472033CB449BC8235A99A670C5A,2,Landing.aspx,/sites/VK113055/_catalogs/masterpage/Landing.aspx,Landing.aspx,/sites/VK113055/Pages/Landing.aspx,,Pages/Landing.aspx,https://intranet.poc.com/sites/VK113055,N/A,aviva.oneintranet.solution.web.wsp,https://intranet.poc.com/,https://intranet.poc.com/sites/VK113055
Portal_Content_01,0x,True,0x010100C568DB52D9D0A14D9B2FDCC96666E9F2007948130EC3DB064584E219954237AF390064DEA0F50FC8C147B0B6EA0636C4A7D4008FCDC60EFAAD413DA3C18434003726F5006F4688593D8C504F8AA889279D240749,2,ContosoWelcomeLinks.aspx,/sites/PocContosoTeamSite/_catalogs/masterpage/ContosoWelcomeLinks.aspx,default.aspx,/sites/PocContosoTeamSite/Pages/default.aspx,Contoso Welcome Page,Pages/default.aspx,https://intranet.poc.com/sites/PocContosoTeamSite,N/A,contoso.intranet.wsp,https://intranet.poc.com/,https://intranet.poc.com/sites/PocContosoTeamSite
Portal_Content_01,0x,False,0x010100C568DB52D9D0A14D9B2FDCC96666E9F2007948130EC3DB064584E219954237AF3900242457EFB8B24247815D688C526CD44D007BB82468AA36D6419BF73D4FFFB0F677020095506D639317414F9CBFA8B9AEF339E1,13,LeadershipMessagesPage.aspx,/sites/Publishing/_catalogs/masterpage/LeadershipMessagesPage.aspx,LeadershipMessagePage.aspx,/sites/Publishing/Pages/LeadershipMessagePage.aspx,LeadershipMessagePage,Pages/LeadershipMessagePage.aspx,https://intranet.poc.com/sites/Publishing,N/A,aviva.oneintranet.solution.web.wsp,https://intranet.poc.com/,https://intranet.poc.com/sites/Publishing
Portal_Content_01,0x,False,0x010100C568DB52D9D0A14D9B2FDCC96666E9F2007948130EC3DB064584E219954237AF390064DEA0F50FC8C147B0B6EA0636C4A7D4008FCDC60EFAAD413DA3C18434003726F500AEBE28C56CF2A54EB8267B2E5A9D8612,9,ContosoWelcomeLinks.aspx,/sites/TestContosoPublishingSite/_catalogs/masterpage/ContosoWelcomeLinks.aspx,TestForViren.aspx,/sites/TestContosoPublishingSite/Pages/TestForViren.aspx,TestForViren,Pages/TestForViren.aspx,https://intranet.poc.com/sites/TestContosoPublishingSite,N/A,contoso.intranet.wsp,https://intranet.poc.com/,https://intranet.poc.com/sites/TestContosoPublishingSite
Portal_Content_01,0x,True,0x010100C568DB52D9D0A14D9B2FDCC96666E9F2007948130EC3DB064584E219954237AF390064DEA0F50FC8C147B0B6EA0636C4A7D4008FCDC60EFAAD413DA3C18434003726F500AEBE28C56CF2A54EB8267B2E5A9D8612,2,ContosoWelcomeLinks.aspx,/sites/TestContosoPublishingSite/_catalogs/masterpage/ContosoWelcomeLinks.aspx,default.aspx,/sites/TestContosoPublishingSite/Pages/default.aspx,Contoso Welcome Page,Pages/default.aspx,https://intranet.poc.com/sites/TestContosoPublishingSite,N/A,contoso.intranet.wsp,https://intranet.poc.com/,https://intranet.poc.com/sites/TestContosoPublishingSite
Portal_Content_01,0x,False,0x010100C568DB52D9D0A14D9B2FDCC96666E9F2007948130EC3DB064584E219954237AF390064DEA0F50FC8C147B0B6EA0636C4A7D4008FCDC60EFAAD413DA3C18434003726F500E30B42990E03DC42968D47F725B2A5AD,24,ContosoWelcomeLinks.aspx,/sites/KTContosoPublishingSite/_catalogs/masterpage/ContosoWelcomeLinks.aspx,TestPage2.aspx,/sites/KTContosoPublishingSite/Pages/TestPage2.aspx,TestPage2,Pages/TestPage2.aspx,https://intranet.poc.com/sites/KTContosoPublishingSite,N/A,contoso.intranet.wsp,https://intranet.poc.com/,https://intranet.poc.com/sites/KTContosoPublishingSite
Portal_Content_01,0x,False,0x010100C568DB52D9D0A14D9B2FDCC96666E9F2007948130EC3DB064584E219954237AF390064DEA0F50FC8C147B0B6EA0636C4A7D4008FCDC60EFAAD413DA3C18434003726F500AEBE28C56CF2A54EB8267B2E5A9D8612,15,ContosoWelcomeLinks.aspx,/sites/TestContosoPublishingSite/_catalogs/masterpage/ContosoWelcomeLinks.aspx,PageLayoutTesting.aspx,/sites/TestContosoPublishingSite/Pages/PageLayoutTesting.aspx,PageLayoutTesting,Pages/PageLayoutTesting.aspx,https://intranet.poc.com/sites/TestContosoPublishingSite,N/A,contoso.intranet.wsp,https://intranet.poc.com/,https://intranet.poc.com/sites/TestContosoPublishingSite
Portal_Content_01,0x,False,0x010100C568DB52D9D0A14D9B2FDCC96666E9F2007948130EC3DB064584E219954237AF390064DEA0F50FC8C147B0B6EA0636C4A7D4008FCDC60EFAAD413DA3C18434003726F500AEBE28C56CF2A54EB8267B2E5A9D8612,14,ContosoWelcomeLinks.aspx,/sites/TestContosoPublishingSite/_catalogs/masterpage/ContosoWelcomeLinks.aspx,TestingPageRelativeUrl.aspx,/sites/TestContosoPublishingSite/Pages/TestWebPartIssue/TestingPageRelativeUrl.aspx,TestingPageRelativeUrl,Pages/TestWebPartIssue/TestingPageRelativeUrl.aspx,https://intranet.poc.com/sites/TestContosoPublishingSite,N/A,contoso.intranet.wsp,https://intranet.poc.com/,https://intranet.poc.com/sites/TestContosoPublishingSite
PPE_AppsManagementSite_content_01,0x,True,0x010100C568DB52D9D0A14D9B2FDCC96666E9F2007948130EC3DB064584E219954237AF390064DEA0F50FC8C147B0B6EA0636C4A7D4008FCDC60EFAAD413DA3C18434003726F50027DBC161E5C24141B909EB60ACD963D8,2,ContosoWelcomeLinks.aspx,/sites/TestContosoPublishingSite/_catalogs/masterpage/ContosoWelcomeLinks.aspx,default.aspx,/sites/TestContosoPublishingSite/Pages/default.aspx,Contoso Welcome Page,Pages/default.aspx,http://001d-cam-tap01:8899/sites/TestContosoPublishingSite,N/A,contoso.intranet.wsp,http://001d-cam-tap01:8899/,http://001d-cam-tap01:8899/sites/TestContosoPublishingSite
Team_Content_New,0x,False,0x010100C568DB52D9D0A14D9B2FDCC96666E9F2007948130EC3DB064584E219954237AF390064DEA0F50FC8C147B0B6EA0636C4A7D400CAFB89F59765654E998D379D24C01E4B,2,MyFirstPageLayout.aspx,/sites/TestCustomPageLayoutsVidhi/_catalogs/masterpage/MyFirstPageLayout.aspx,FirstPageFromPageLayout.aspx,/sites/TestCustomPageLayoutsVidhi/Pages/FirstPageFromPageLayout.aspx,FirstPageFromPageLayout,Pages/FirstPageFromPageLayout.aspx,https://teams.poc.com/sites/TestCustomPageLayoutsVidhi,N/A,pagelayoutdeploy.wsp,https://teams.poc.com/,https://teams.poc.com/sites/TestCustomPageLayoutsVidhi
