AssemblySizeInKB,ContentDatabase,CreatedBy,CreatedDate,DeleteTransactionId,HasAssembly,HasEventReceivers,HasFeatureReceivers,HasListDefinition,HasWebParts,HasWebTemplate,HasWorkflowAction,IsEmptyAssembly,IsEmptyInfoPathAssembly,IsInfoPath,ModifiedBy,ModifiedDate,NoOfAssemblyReferences,NoOfAssTypesUsed,OtherCategory,SandboxSolutionId,SandboxSolutionName,Signature,SiteCollection,SiteCollectionID,SiteCollectionOwner,SolutionStatus,SolutionType,WebApplication,WebUrl
8,My_Content_01,i:0#.w|mgmt7\ms-mla-vidhko,11/24/2015 11:23:47 AM,0x,true,False,False,False,False,False,False,False,False,True,i:0#.w|mgmt7\ms-mla-vidhko,11/24/2015 11:23:47 AM,8,1,FALSE,7856b3c6-da88-4b88-8fac-ae57f66d593d,InfoPath Form_EmpFormLib_rc1pwfU1_1.0.0.10.wsp,gswiT0Z4MLzA5F7a/HdPmtwuVcmAgz/DkqIynoCAQIc=,https://mysite.poc.com/sites/mysite/personal/TestIPForm,833d648a-4d55-4841-9658-6a00161759fb,N/A,Activated,CUSTOM CODE,https://mysite.poc.com/,N/A
10,Portal_Content_01,i:0#.w|mgmt7\ms-mla-raredd,8/18/2015 6:18:17 PM,0x,true,False,False,False,False,False,False,False,False,True,i:0#.w|mgmt7\ms-mla-raredd,8/18/2015 6:18:17 PM,7,1,FALSE,f4938fa7-a295-425e-b453-5df80c8b2cec,InfoPath Form_EmpRegLibTest_zOkEqGTw_1.0.0.214.wsp,8PWG59vpkVYQ01uTT3yFoaakz0ts/qs1fPrU9vmCKBc=,https://intranet.poc.com/sites/rajdev,296459c9-29ce-4506-80ff-26af8002007d,N/A,Activated,CUSTOM CODE,https://intranet.poc.com/,N/A
14,Portal_Content_01,i:0#.w|mgmt7\ms-mla-raredd,12/2/2015 7:30:12 PM,0x,true,False,False,False,False,False,False,False,False,True,i:0#.w|mgmt7\ms-mla-raredd,12/2/2015 7:30:12 PM,9,1,FALSE,b46f1f7e-f6de-4198-9f4a-7e867d126285,InfoPath Form_EmpRegLib_PELjRLp7_1.0.0.484.wsp,Z6qVBtvU8eNaxK+r2iK3RxzGoe3BzRRgZDtQ0z8J5X0=,https://intranet.poc.com/sites/rajdev,296459c9-29ce-4506-80ff-26af8002007d,N/A,Activated,CUSTOM CODE,https://intranet.poc.com/,N/A
N/A,Portal_Content_01,i:0#.w|mgmt7\ms-mla-raredd,2/18/2016 10:57:50 PM,0x,false,False,True,False,False,False,False,False,N/A,False,i:0#.w|mgmt7\ms-mla-raredd,2/18/2016 10:57:50 PM,N/A,N/A,FALSE,1a763471-d61e-4f2e-905b-940397f30629,Raj Reusable WF.wsp,p7QlfTgOXnxMZ27Nd8b4IZeA+7o65wDWufM0bBn1bxE=,https://intranet.poc.com/sites/rajdev,296459c9-29ce-4506-80ff-26af8002007d,N/A,Activated,DESIGN PACKAGE,https://intranet.poc.com/,N/A
14,Portal_Content_01,i:0#.w|mgmt7\ms-mla-raredd,9/23/2015 10:18:44 PM,0x,true,False,False,False,False,False,False,False,False,True,i:0#.w|mgmt7\ms-mla-raredd,9/23/2015 10:18:44 PM,9,1,FALSE,8bad9ac3-3cf0-477c-a07b-e00c2ab0c09c,InfoPath Form_EmpRegLib1_jVAWdB4j_1.0.0.336.wsp,wjsIVCpP/QB46GP2RhkqeVkXCgqcUvk+5xfbrHTR8do=,https://intranet.poc.com/sites/rajdev,296459c9-29ce-4506-80ff-26af8002007d,N/A,Activated,CUSTOM CODE,https://intranet.poc.com/,N/A
10,Portal_Content_01,i:0#.w|mgmt7\ms-mla-raredd,8/18/2015 6:15:23 PM,0x,true,False,False,False,False,False,False,False,False,True,i:0#.w|mgmt7\ms-mla-raredd,8/18/2015 6:15:23 PM,7,1,FALSE,cd8cb5fd-4acd-45b1-92e0-f90daf8fd82c,InfoPath Form_EmpRegLib_SvMHfXLm_1.0.0.211.wsp,I64g8SuhEGMR0EBXJlthvintZ6SsKob9YarHRSJbXxo=,https://intranet.poc.com/sites/rajdev,296459c9-29ce-4506-80ff-26af8002007d,N/A,Activated,CUSTOM CODE,https://intranet.poc.com/,N/A
4,Portal_Content_01,i:0#.w|mgmt7\ms-mla-ansax,6/8/2015 7:10:21 PM,0x,true,False,False,True,False,False,False,True,N/A,False,i:0#.w|mgmt7\ms-mla-ansax,6/8/2015 7:10:21 PM,1,0,FALSE,a8436c15-66f6-47ae-a837-202cfdf55bf4,ListDefSandBox.wsp,+OQS4NUCAtSoXY/1fJa9Kyu36IbHM9JjIigcQDOW3Tk=,https://intranet.poc.com/sites/TeamSite,4a97ea2d-1a8a-432a-a3ea-2c82c8aea9d2,N/A,Activated,CUSTOM CODE,https://intranet.poc.com/,N/A
N/A,Portal_Content_01,i:0#.w|mgmt7\ms-mla-vidhko,7/20/2016 9:28:51 AM,0x,false,True,False,False,False,False,False,False,N/A,False,i:0#.w|mgmt7\ms-mla-vidhko,7/20/2016 9:28:51 AM,N/A,N/A,FALSE,e21bcb0f-f5ed-4650-866f-037b86878968,CTSiteTemplateSudhaTeam2.wsp,0fv/mai3DYrla6TQdEazOfIZ+Czr0ELvPw0X+uCrnCA=,https://intranet.poc.com/sites/SudhaTeam2,35190397-b00d-485c-b0ee-35e905b2dfff,N/A,Activated,SITE TEMPLATE,https://intranet.poc.com/,N/A
N/A,Portal_Content_01,i:0#.w|mgmt7\ms-mla-suamso,5/19/2016 12:32:54 AM,0x,false,True,False,False,False,False,False,False,N/A,False,i:0#.w|mgmt7\ms-mla-suamso,5/19/2016 12:32:54 AM,N/A,N/A,FALSE,0a4cc136-f519-4f72-9c1a-652ade5fe0db,SudhaTestingSiteTemplate.wsp,t1Wv7jDHWyjEq+D2X39LxPDH/A9AnxVPnlSZt5mwNT4=,https://intranet.poc.com/sites/SudhaTeam2,35190397-b00d-485c-b0ee-35e905b2dfff,N/A,Activated,SITE TEMPLATE,https://intranet.poc.com/,N/A
N/A,Portal_Content_01,i:0#.w|mgmt7\ms-mla-suamso,11/20/2015 5:50:06 PM,0x,false,True,True,False,True,False,False,False,N/A,False,i:0#.w|mgmt7\ms-mla-suamso,11/20/2015 5:50:06 PM,0,N/A,FALSE,N/A,SITTEMP1.wsp,N/A,https://intranet.poc.com/sites/DiscoveryTool,450053d0-0187-41d4-ab25-4966783eae71,N/A,N/A,N/A,https://intranet.poc.com/,N/A
N/A,Portal_Content_01,i:0#.w|mgmt7\ms-mla-suamso,11/20/2015 5:51:38 PM,0x,false,True,True,False,False,False,False,False,N/A,False,i:0#.w|mgmt7\ms-mla-suamso,11/20/2015 5:51:38 PM,N/A,N/A,FALSE,65050ef4-3380-4b45-8a47-4ddf7758ddea,TSR1.wsp,hv5oIgWger5qculEY6JBCAg0J6u8OEIhmpAEOJFW34U=,https://intranet.poc.com/sites/DiscoveryTool,450053d0-0187-41d4-ab25-4966783eae71,N/A,Activated,SITE TEMPLATE,https://intranet.poc.com/,N/A
N/A,Portal_Content_01,i:0#.w|mgmt7\ms-mla-suamso,11/20/2015 5:52:05 PM,0x,false,True,True,False,True,False,False,False,N/A,False,i:0#.w|mgmt7\ms-mla-suamso,11/20/2015 5:52:05 PM,N/A,N/A,FALSE,0cb40a71-ee96-420f-8f8b-e5f537edcb01,tvs.wsp,drlmcjir5iK3jVcHT/gkeW84O8J/zxFX2T2lMv1SUDk=,https://intranet.poc.com/sites/DiscoveryTool,450053d0-0187-41d4-ab25-4966783eae71,N/A,Activated,SITE TEMPLATE,https://intranet.poc.com/,N/A
N/A,Portal_Content_01,i:0#.w|mgmt7\ms-mla-suamso,11/20/2015 5:49:12 PM,0x,false,True,True,False,True,False,False,False,N/A,False,i:0#.w|mgmt7\ms-mla-suamso,11/20/2015 5:49:12 PM,N/A,N/A,FALSE,985be328-0541-4410-9f9a-f97eb39be058,gud.wsp,JYdaQwHKcsVlAoXYX0SUFNbW6f1R5rE2UAyt2DOsppo=,https://intranet.poc.com/sites/DiscoveryTool,450053d0-0187-41d4-ab25-4966783eae71,N/A,Activated,SITE TEMPLATE,https://intranet.poc.com/,N/A
N/A,Portal_Content_01,i:0#.w|mgmt7\ms-mla-vidhko,7/20/2016 9:31:34 AM,0x,false,True,False,False,False,False,False,False,N/A,False,i:0#.w|mgmt7\ms-mla-vidhko,7/20/2016 9:31:34 AM,N/A,N/A,FALSE,2d0b2663-f560-4419-b777-26ff18803589,divCTSiteTemplate.wsp,eTIXVi0Cj8lmVLduUYzMHq7tGotKaWitbx+IX9ZM4Hg=,https://intranet.poc.com/sites/div,6f5f6ac9-da33-4a34-8f70-4baa14feb452,N/A,Activated,SITE TEMPLATE,https://intranet.poc.com/,N/A
5,Portal_Content_01,SHAREPOINT\system,7/30/2015 8:36:36 AM,0x,true,True,False,True,False,False,False,False,N/A,False,SHAREPOINT\system,7/30/2015 8:36:36 AM,2,1,FALSE,e92de8e0-efd6-4a14-81ce-a025425a7de2,Clinic.wsp,LsqpZgNDNB89mPe/lzmD14XSkNO8otZms5voabT0Z5c=,https://intranet.poc.com/sites/div,6f5f6ac9-da33-4a34-8f70-4baa14feb452,N/A,Activated,CUSTOM CODE,https://intranet.poc.com/,N/A
N/A,Portal_Content_01,i:0#.w|mgmt7\ms-mla-raredd,2/16/2016 7:35:28 PM,0x,false,False,True,False,False,False,False,False,N/A,False,i:0#.w|mgmt7\ms-mla-raredd,2/16/2016 7:35:28 PM,N/A,N/A,FALSE,0b364f35-c96e-491c-b095-8381976b8afa,Chip Content Task Approval WF.wsp,1hbjol9jeULrk2wGYsqk/H1CxAw+Zf1sg9hkgQSV+eE=,https://intranet.poc.com/sites/RajTest1,84516303-b9c2-48c6-8cdf-5e8c8f1bb0c2,N/A,Activated,DESIGN PACKAGE,https://intranet.poc.com/,N/A
N/A,Portal_Content_01,i:0#.w|mgmt7\ms-mla-vidhko,5/19/2016 8:14:14 AM,0x,false,True,False,False,False,False,False,False,N/A,False,i:0#.w|mgmt7\ms-mla-vidhko,5/19/2016 8:14:14 AM,N/A,N/A,FALSE,4e224f2d-23a7-400e-80d0-a5a3f7bb095c,STTestOne.wsp,Ts35GmbvB4IwT8uBCWbpZMsvu4/kHhvWvWXUHzjsiKg=,https://intranet.poc.com/sites/delSite2,d269af75-9e5a-4a5e-aa5e-7acda7ddda92,N/A,Activated,SITE TEMPLATE,https://intranet.poc.com/,N/A
11,Portal_Content_01,i:0#.w|mgmt7\ms-mla-ansax,8/6/2016 5:04:05 PM,0x,true,True,False,False,False,False,False,False,N/A,False,i:0#.w|mgmt7\ms-mla-ansax,8/6/2016 5:04:05 PM,2,2,FALSE,e3dc55b7-038e-4354-96d6-1bb7658b26c5,Philips.SupplierCompliance.EventHandler.wsp,UH6u7zNKj/y4zPgwEm6VQUaSH5ZqgHzgUJRDYnPdC/0=,https://intranet.poc.com/sites/TestContosoTeamSite,353bfc3f-7fab-4eb8-b31b-92feed4c433d,N/A,Activated,CUSTOM CODE,https://intranet.poc.com/,N/A
136,Portal_Content_01,i:0#.w|mgmt7\ms-mla-ansax,8/6/2016 5:03:56 PM,0x,true,False,False,False,True,False,False,False,N/A,False,i:0#.w|mgmt7\ms-mla-ansax,8/6/2016 5:03:56 PM,4,11,FALSE,9d8c0f0e-44b1-4960-b434-33b4bd0950dc,Philips.TrackingProject.wsp,5lEw2D9gZTamdNC049nZ7JQcu04v5E6MM5JzBnUb9d8=,https://intranet.poc.com/sites/TestContosoTeamSite,353bfc3f-7fab-4eb8-b31b-92feed4c433d,N/A,Activated,CUSTOM CODE,https://intranet.poc.com/,N/A
N/A,Portal_Content_01,i:0#.w|mgmt7\ms-mla-ansax,8/6/2016 5:15:16 PM,0x,false,False,True,False,False,False,False,False,N/A,False,i:0#.w|mgmt7\ms-mla-ansax,8/6/2016 5:15:16 PM,N/A,N/A,FALSE,58780c05-b1ea-429e-9a88-534a1fe4d0d4,Project Site Template v2.1.wsp,ti8ZBXs+dvXDRwLtfjLLYXUcd97GDya6wlDTaX9ceG0=,https://intranet.poc.com/sites/TestContosoTeamSite,353bfc3f-7fab-4eb8-b31b-92feed4c433d,N/A,Activated,SITE TEMPLATE,https://intranet.poc.com/,N/A
91,Portal_Content_01,i:0#.w|mgmt7\ms-mla-ansax,8/6/2016 5:03:44 PM,0x,true,True,False,False,True,False,False,False,N/A,False,i:0#.w|mgmt7\ms-mla-ansax,8/6/2016 5:03:44 PM,5,15,FALSE,78617438-9645-4ee7-abb2-6cdc2a5e0ad3,Philips.GBP.wsp,vFpf3ehPkAdgAgvldpsdXmLrzTtVxSrgLuYBch1zS3Y=,https://intranet.poc.com/sites/TestContosoTeamSite,353bfc3f-7fab-4eb8-b31b-92feed4c433d,N/A,Activated,CUSTOM CODE,https://intranet.poc.com/,N/A
67,Portal_Content_01,i:0#.w|mgmt7\ms-mla-ansax,8/6/2016 5:03:26 PM,0x,true,False,False,False,True,False,False,False,N/A,False,i:0#.w|mgmt7\ms-mla-ansax,8/6/2016 5:03:26 PM,5,6,FALSE,57a1de85-2c96-4f21-8d74-8cb1bfb78e71,Philips.DepartmentShare.wsp,+EqBVlOanuAVfVmrzz9BolM71gw6+XGiJ/Mh8LP2zVY=,https://intranet.poc.com/sites/TestContosoTeamSite,353bfc3f-7fab-4eb8-b31b-92feed4c433d,N/A,Activated,CUSTOM CODE,https://intranet.poc.com/,N/A
N/A,Portal_Content_01,i:0#.w|mgmt7\ms-mla-vidhko,7/20/2016 9:29:45 AM,0x,false,True,False,False,False,False,False,False,N/A,False,i:0#.w|mgmt7\ms-mla-vidhko,7/20/2016 9:29:45 AM,N/A,N/A,FALSE,4528a319-a43e-47b8-8b18-6a14b9ee99cb,vidhiTest10CTSiteTemplate.wsp,oA0llnam+/VquAPDI1kQ6A8oW+bwaeEWN1aK9xP1nQc=,https://intranet.poc.com/sites/vidhiTest10,8099c46f-8603-4957-ae6a-93bd9182f864,N/A,Activated,SITE TEMPLATE,https://intranet.poc.com/,N/A
N/A,Portal_Content_01,i:0#.w|mgmt7\ms-mla-vidhko,5/19/2016 8:53:30 AM,0x,false,True,False,False,False,False,False,False,N/A,False,i:0#.w|mgmt7\ms-mla-vidhko,5/19/2016 8:53:30 AM,N/A,N/A,FALSE,ede72903-121a-4a62-a0b5-b613ce6517eb,STTestFour.wsp,6ec400O1HSgyFjHEOtfn8ZQb+++a8jZ1d2s4Hdhorf8=,https://intranet.poc.com/sites/vidhiTest10,8099c46f-8603-4957-ae6a-93bd9182f864,N/A,Activated,SITE TEMPLATE,https://intranet.poc.com/,N/A
N/A,Portal_Content_01,i:0#.w|mgmt7\ms-mla-rassir,6/28/2016 7:24:26 AM,0x,false,True,False,False,False,False,False,False,N/A,False,i:0#.w|mgmt7\ms-mla-rassir,6/28/2016 7:24:26 AM,N/A,N/A,FALSE,892d22b9-2840-4ac6-b8ca-3f4a6028b85e,st_HariCT1.wsp,ev9T4HkgLaBpSBGlACP936oDky+ptT1ohlJoOC7vgCo=,https://intranet.poc.com/sites/HariCT1,451ca504-385d-428b-9f73-96f29d65848c,N/A,Activated,SITE TEMPLATE,https://intranet.poc.com/,N/A
4,Portal_Content_01,i:0#.w|mgmt7\ms-mla-haraja,12/9/2015 10:17:04 PM,0x,true,False,False,False,False,False,False,True,N/A,False,i:0#.w|mgmt7\ms-mla-haraja,12/9/2015 10:17:04 PM,1,0,FALSE,1461055a-5b4f-4543-8ead-c1ad8a576d17,RemCTSB.wsp,niQj9WeqCda1jGEeQbkK2Ip6hrTwtMubyQSugAsXoYM=,https://intranet.poc.com/sites/HariCT1,451ca504-385d-428b-9f73-96f29d65848c,N/A,Activated,CUSTOM CODE,https://intranet.poc.com/,N/A
10,Portal_Content_01,SHAREPOINT\system,11/20/2015 1:07:19 PM,0x,true,False,False,False,False,False,False,False,False,True,SHAREPOINT\system,11/20/2015 1:07:19 PM,7,1,FALSE,671ce238-803c-4d90-baaa-21987273cdbc,InfoPath Form_NFL_ImnpZOf6_1.0.0.77.wsp,JAA3ky9YLYyukj3yimdFqpLz5ELlbcyJQeVtufgarig=,https://intranet.poc.com/sites/MySampleApp,8e9af21e-ae2a-4ff1-9ce2-9d62fa005fb4,N/A,Activated,CUSTOM CODE,https://intranet.poc.com/,N/A
14,Portal_Content_01,i:0#.w|mgmt7\ms-mla-vidhko,11/19/2015 12:48:41 PM,0x,true,False,False,False,False,False,False,False,False,True,i:0#.w|mgmt7\ms-mla-vidhko,11/19/2015 12:48:41 PM,9,1,FALSE,e008c4ee-fe30-4b05-ab19-3e5442bb2b9a,InfoPath Form_EmpFormLib_bUOLpSoU_1.0.0.418.wsp,1c7d7UwPC0jaZM+1kho0QNOtjkBPjqA7JFz11+c91oA=,https://intranet.poc.com/sites/MySampleApp,8e9af21e-ae2a-4ff1-9ce2-9d62fa005fb4,N/A,Activated,CUSTOM CODE,https://intranet.poc.com/,N/A
10,Portal_Content_01,SHAREPOINT\system,11/20/2015 11:02:15 AM,0x,true,False,False,False,False,False,False,False,False,True,SHAREPOINT\system,11/20/2015 11:02:15 AM,7,1,FALSE,45601f0c-b198-4a20-8941-3fea4e612a9c,InfoPath Form_FormLibNew_krHjwr8i_1.0.0.63.wsp,ppPmh7T+BAcsAb6tYfNCIg/JwwJ6u/wypkX0DuKlWsQ=,https://intranet.poc.com/sites/MySampleApp,8e9af21e-ae2a-4ff1-9ce2-9d62fa005fb4,N/A,Activated,CUSTOM CODE,https://intranet.poc.com/,N/A
10,Portal_Content_01,SHAREPOINT\system,11/20/2015 10:53:13 AM,0x,true,False,False,False,False,False,False,False,False,True,SHAREPOINT\system,11/20/2015 10:53:13 AM,7,1,FALSE,66f64cd6-6e97-44b0-8ba7-e6d104112858,InfoPath Form_NewFrLib_QeUUXJye_1.0.0.483.wsp,AWoL9u05FzYF73KA6B49OZ71JtxX13WYwRJLzwfNW+0=,https://intranet.poc.com/sites/MySampleApp,8e9af21e-ae2a-4ff1-9ce2-9d62fa005fb4,N/A,Activated,CUSTOM CODE,https://intranet.poc.com/,N/A
N/A,Portal_Content_01,i:0#.w|mgmt7\ms-mla-vidhko,2/18/2016 2:48:08 PM,0x,false,False,True,False,False,False,False,False,N/A,False,i:0#.w|mgmt7\ms-mla-vidhko,2/18/2016 2:48:08 PM,N/A,N/A,FALSE,52edff5a-c985-4cbf-9a09-0710df29e7cf,ApplicationApprovalWF.wsp,h9KtHHvQUMIteFmurTt7h5VzTGMQQmruY7MJOdFK0MM=,https://intranet.poc.com/sites/SampleAppCSOM,af186a25-d0a8-4cf7-bd9b-c17707e6f856,N/A,Activated,DESIGN PACKAGE,https://intranet.poc.com/,N/A
8,Portal_Content_01,SHAREPOINT\system,11/20/2015 12:33:41 PM,0x,true,False,False,False,False,False,False,False,False,True,SHAREPOINT\system,11/20/2015 12:33:41 PM,8,1,FALSE,62ba54f4-1612-4460-92ba-d5bbaec39377,InfoPath Form_NewFormLib_E83Mkv8Z_1.0.0.12.wsp,np1Lq2rbx7a4FZosO5WuySCc0EAu8JG8SOLY8DAdEzU=,https://intranet.poc.com/sites/SampleAppCSOM,af186a25-d0a8-4cf7-bd9b-c17707e6f856,N/A,Activated,CUSTOM CODE,https://intranet.poc.com/,N/A
N/A,Portal_Content_01,i:0#.w|mgmt7\ms-mla-vidhko,7/20/2016 9:23:55 AM,0x,false,True,False,False,False,False,False,False,N/A,False,i:0#.w|mgmt7\ms-mla-vidhko,7/20/2016 9:23:55 AM,N/A,N/A,FALSE,090f7777-db26-434d-882b-65ec4f42726f,CTSiteTemplate.wsp,jB2/XUCjPiuRWuEe1sKWfs6D91FF/T97th8p+bngGvI=,https://intranet.poc.com/sites/testSite,1dcb6e42-3621-4357-b423-c3fb8461ced5,N/A,Activated,SITE TEMPLATE,https://intranet.poc.com/,N/A
N/A,Portal_Content_01,i:0#.w|mgmt7\ms-mla-vidhko,5/19/2016 8:56:09 AM,0x,false,True,False,False,False,False,False,False,N/A,False,i:0#.w|mgmt7\ms-mla-vidhko,5/19/2016 8:56:09 AM,N/A,N/A,FALSE,2c2407f3-fa95-4a60-a6a8-cf0bf24b366f,STTestFive.wsp,w8THRAPLtBNFLOKN8C63F3dDCHaKde2Z1uSFi3ZfxuI=,https://intranet.poc.com/sites/testSite,1dcb6e42-3621-4357-b423-c3fb8461ced5,N/A,Activated,SITE TEMPLATE,https://intranet.poc.com/,N/A
5,Portal_Content_01,i:0#.w|mgmt7\ms-mla-vidhko,5/19/2016 9:47:35 AM,0x,true,True,False,False,False,False,False,False,N/A,False,i:0#.w|mgmt7\ms-mla-vidhko,5/19/2016 9:47:35 AM,2,1,FALSE,fa26fd55-be29-40e2-bafc-f32c6855334f,ItemCTEventReceiver.wsp,9Rmb/xVEQbtkjXgrjlwf4wGk/HhhQhirVHyu9zWfnjo=,https://intranet.poc.com/sites/testSite,1dcb6e42-3621-4357-b423-c3fb8461ced5,N/A,Activated,CUSTOM CODE,https://intranet.poc.com/,N/A
10,Portal_Content_01,SHAREPOINT\system,11/20/2015 1:05:26 PM,0x,true,False,False,False,False,False,False,False,False,True,SHAREPOINT\system,11/20/2015 1:05:26 PM,7,1,FALSE,c67f6ba5-9469-4884-8c31-7e8f6b0cdadd,InfoPath Form_NewFormLib_0mh6NxLL_1.0.0.74.wsp,Dm5Nro2GvmPuN7IrifbemR8kJato2DacPSnluAGoHm4=,https://intranet.poc.com/sites/vidhi1920,f2f08824-b840-49cc-acab-db268a0c2465,N/A,Activated,CUSTOM CODE,https://intranet.poc.com/,N/A
7,Portal_Content_01,i:0#.w|mgmt7\ms-mla-vidhko,11/20/2015 1:42:43 PM,0x,true,False,False,False,False,False,False,False,False,True,i:0#.w|mgmt7\ms-mla-vidhko,11/20/2015 1:42:43 PM,7,1,FALSE,dae338ea-a025-4926-9390-cb5b62ef398a,InfoPath Form_EmpTest_qP0M6AgC_1.0.0.19.wsp,4Y79A2kE3wfpmbio07xpuuepA3o9FVt0jnCAdYfuRyw=,https://intranet.poc.com/sites/vidhi1920,f2f08824-b840-49cc-acab-db268a0c2465,N/A,Activated,CUSTOM CODE,https://intranet.poc.com/,N/A
6,Portal_Content_01,i:0#.w|mgmt7\ms-mla-raredd,12/7/2015 10:05:57 PM,0x,true,False,False,False,True,False,False,False,N/A,False,i:0#.w|mgmt7\ms-mla-raredd,12/7/2015 10:05:57 PM,3,1,FALSE,479830eb-e700-4b09-b95f-ae2418f67bc6,TestMe.wsp,Vhlm0cuVIVqMrNS6563sMZjr+MFdjhoAXW4u6NtYySs=,https://intranet.poc.com/sites/RajTeam5,947360fe-2089-4b2d-8492-f5bc572a85b4,N/A,Activated,CUSTOM CODE,https://intranet.poc.com/,N/A
8,Portal_Content_01,i:0#.w|mgmt7\ms-mla-vidhko,1/4/2016 10:16:18 AM,0x,true,False,False,False,False,False,False,False,False,True,i:0#.w|mgmt7\ms-mla-vidhko,1/4/2016 10:16:18 AM,8,1,FALSE,bdb3c433-e2e1-49bc-b5cb-47d167ea25ac,InfoPath Form_NewFormLib_AUjweS0Y_1.0.0.22.wsp,1k7AHrOg9g+EtJY5Opyo0kVxDHW9QBhSNhAPQTSeDsY=,https://intranet.poc.com/sites/vTest,563a465c-e964-4db1-b989-f6d6fcc8585d,N/A,Activated,CUSTOM CODE,https://intranet.poc.com/,N/A
N/A,Portal_Content_02,i:0#.w|mgmt7\ms-mla-tikant,10/18/2016 6:00:04 AM,0x,true,False,False,False,False,False,False,False,False,True,i:0#.w|mgmt7\ms-mla-tikant,10/18/2016 6:00:04 AM,5,N/A,FALSE,N/A,InfoPath Form_Test_oirjWjLm_1.0.0.9.wsp,N/A,https://intranet.poc.com/sites/PriyaTestSC1,f4b77704-3b55-4578-82ef-123199c01b0c,N/A,N/A,N/A,https://intranet.poc.com/,N/A
N/A,Portal_Content_02,i:0#.w|mgmt7\ms-mla-tikant,10/18/2016 6:02:32 AM,0x,true,True,True,False,False,False,False,False,N/A,False,i:0#.w|mgmt7\ms-mla-tikant,10/18/2016 6:02:32 AM,2,N/A,FALSE,N/A,PAC.SharePoint.VersionInfoInDocs2010(v1.1).wsp,N/A,https://intranet.poc.com/sites/PriyaTestSC1,f4b77704-3b55-4578-82ef-123199c01b0c,N/A,N/A,N/A,https://intranet.poc.com/,N/A
N/A,Portal_Content_02,i:0#.w|mgmt7\ms-mla-tikant,10/14/2016 8:19:15 AM,0x,false,True,False,False,False,False,False,False,N/A,False,i:0#.w|mgmt7\ms-mla-tikant,10/14/2016 8:19:15 AM,0,N/A,FALSE,N/A,SiteTemplateforSB2.wsp,N/A,https://intranet.poc.com/sites/PriyaTestSC1,f4b77704-3b55-4578-82ef-123199c01b0c,N/A,N/A,N/A,https://intranet.poc.com/,N/A
N/A,Portal_Content_02,i:0#.w|mgmt7\ms-mla-tikant,10/18/2016 6:02:46 AM,0x,true,False,False,False,False,False,False,False,N/A,False,i:0#.w|mgmt7\ms-mla-tikant,10/18/2016 6:02:46 AM,10,N/A,TRUE,N/A,SPWorkflows.ResetVersionNumber.wsp,N/A,https://intranet.poc.com/sites/PriyaTestSC1,f4b77704-3b55-4578-82ef-123199c01b0c,N/A,N/A,N/A,https://intranet.poc.com/,N/A
N/A,Portal_Content_02,i:0#.w|mgmt7\ms-mla-tikant,10/18/2016 6:08:22 AM,0x,true,False,False,False,False,False,False,False,N/A,False,i:0#.w|mgmt7\ms-mla-tikant,10/18/2016 6:08:22 AM,4,N/A,TRUE,N/A,Wsp365.GoogleAnalytics.wsp,N/A,https://intranet.poc.com/sites/PriyaTestSC1,f4b77704-3b55-4578-82ef-123199c01b0c,N/A,N/A,N/A,https://intranet.poc.com/,N/A
N/A,Portal_Content_02,i:0#.w|mgmt7\ms-mla-tikant,10/14/2016 8:18:22 AM,0x,false,True,False,False,False,False,False,False,N/A,False,i:0#.w|mgmt7\ms-mla-tikant,10/14/2016 8:18:22 AM,N/A,N/A,FALSE,040e3dd1-5606-48ed-b98e-09ff01520db3,SiteTemplateforSB.wsp,dvN5t1DP6oZHdHZVDigLUPi5x5sE46hfLGwHAEXEsIo=,https://intranet.poc.com/sites/PriyaTestSC1,f4b77704-3b55-4578-82ef-123199c01b0c,N/A,Activated,SITE TEMPLATE,https://intranet.poc.com/,N/A
N/A,Portal_Content_02,i:0#.w|mgmt7\ms-mla-tikant,10/20/2016 6:44:38 AM,0x,false,True,False,False,False,False,False,False,N/A,False,i:0#.w|mgmt7\ms-mla-tikant,10/20/2016 6:44:38 AM,N/A,N/A,FALSE,6f352eb1-6ca7-415b-9b61-2f45965fa952,RootSiteSavedAsTemplate.wsp,+v6BXwBpUZfalyGDVUDPsxB0V5G0IvCVdKmRaI+gqSw=,https://intranet.poc.com/sites/PriyaTestSC1,f4b77704-3b55-4578-82ef-123199c01b0c,N/A,Activated,SITE TEMPLATE,https://intranet.poc.com/,N/A
N/A,Portal_Content_02,i:0#.w|mgmt7\ms-mla-vidhko,6/14/2016 9:34:14 AM,0x,false,True,False,False,False,False,False,False,N/A,False,i:0#.w|mgmt7\ms-mla-vidhko,6/14/2016 9:34:14 AM,N/A,N/A,FALSE,e61e04b8-c25f-4c9c-918f-47eb63441848,SaveSiteTmplte.wsp,A2r3vBuahIuCpLpkzuRX0/vJD2LnLocv5/Joc2zMl7c=,https://intranet.poc.com/sites/PriyaTestSC1,f4b77704-3b55-4578-82ef-123199c01b0c,N/A,Activated,SITE TEMPLATE,https://intranet.poc.com/,N/A
4,Portal_Content_02,i:0#.w|mgmt7\ms-mla-vidhko,6/14/2016 9:35:12 AM,0x,true,False,False,False,False,False,False,True,N/A,False,i:0#.w|mgmt7\ms-mla-vidhko,6/14/2016 9:35:12 AM,1,0,FALSE,086d7b76-45a2-478b-b8f6-76194f52e280,SiteTemplteProj.wsp,jrJmGW65wwXRcd+tY+AchBAUvCdV3GoxgF0fBFuJ8iQ=,https://intranet.poc.com/sites/PriyaTestSC1,f4b77704-3b55-4578-82ef-123199c01b0c,N/A,Activated,CUSTOM CODE,https://intranet.poc.com/,N/A
N/A,Portal_Content_02,i:0#.w|mgmt7\ms-mla-tikant,10/20/2016 5:49:01 AM,0x,false,True,False,False,False,False,False,False,N/A,False,i:0#.w|mgmt7\ms-mla-tikant,10/20/2016 5:49:01 AM,N/A,N/A,FALSE,3dc9e7a6-e816-47ce-b501-b7b8fd13671c,ChildSiteTemplate2.wsp,rE/KyxClclISwQ6XKMf/ALz5sK8aR98RH1ebmUG110g=,https://intranet.poc.com/sites/PriyaTestSC1,f4b77704-3b55-4578-82ef-123199c01b0c,N/A,Activated,SITE TEMPLATE,https://intranet.poc.com/,N/A
N/A,Portal_Content_02,i:0#.w|mgmt7\ms-mla-tikant,10/20/2016 5:30:28 AM,0x,false,True,False,False,False,False,False,False,N/A,False,i:0#.w|mgmt7\ms-mla-tikant,10/20/2016 5:30:28 AM,N/A,N/A,FALSE,a835eb8f-1bed-4711-b118-c7ebb3573fe5,ChildSiteSavedAsTemplate.wsp,9aTVJsp1XAb7F4ec0hFtlqdD9e9niilHvRE486GRaqA=,https://intranet.poc.com/sites/PriyaTestSC1,f4b77704-3b55-4578-82ef-123199c01b0c,N/A,Activated,SITE TEMPLATE,https://intranet.poc.com/,N/A
4,Portal_Content_02,i:0#.w|mgmt7\ms-mla-tikant,8/3/2016 10:57:36 AM,0x,true,False,False,False,False,False,False,True,N/A,False,i:0#.w|mgmt7\ms-mla-tikant,8/3/2016 10:57:36 AM,1,0,FALSE,83d15be9-4db2-45d7-a0c2-93d0ff2816ea,SPShowCase.wsp,26xhF6BLZbwfNmwgzkCgOGbX6rzeHibznR2lTA+0sEk=,https://intranet.poc.com/sites/DcDemo1,5a5394ff-65d6-40f0-825e-311927c5114f,N/A,Activated,CUSTOM CODE,https://intranet.poc.com/,N/A
5,Portal_Content_02,i:0#.w|mgmt7\ms-mla-haraja,6/27/2016 5:20:41 PM,0x,true,True,False,False,False,False,False,False,N/A,False,i:0#.w|mgmt7\ms-mla-haraja,6/27/2016 5:20:41 PM,2,1,FALSE,97bea269-4092-41cc-aac3-c3dc51f37810,ERTest1.wsp,f99utyx+/1TNNZ/TRj6BJ5SvnahCUA8sOT0twJlXrhI=,https://intranet.poc.com/sites/DcDemo1,5a5394ff-65d6-40f0-825e-311927c5114f,N/A,Activated,CUSTOM CODE,https://intranet.poc.com/,N/A
4,Portal_Content_02,i:0#.w|mgmt7\ms-mla-tikant,8/3/2016 10:25:50 AM,0x,true,False,False,False,False,False,False,True,N/A,False,i:0#.w|mgmt7\ms-mla-tikant,8/3/2016 10:25:50 AM,1,0,FALSE,23c95ea9-bd96-4d10-adf4-ce1705daecee,SimpleSandBoxSol.wsp,dAk+8slwC3uetPlqm0H9q2U4emhwbv0n2zn4seYjVlU=,https://intranet.poc.com/sites/DcDemo1,5a5394ff-65d6-40f0-825e-311927c5114f,N/A,Activated,CUSTOM CODE,https://intranet.poc.com/,N/A
N/A,Portal_Content_02,i:0#.w|mgmt7\ms-mla-vidhko,9/1/2016 1:21:34 PM,0x,false,True,False,False,False,False,False,False,N/A,False,i:0#.w|mgmt7\ms-mla-vidhko,9/1/2016 1:21:34 PM,0,N/A,FALSE,N/A,PriyaTestSiteTmplte.wsp,N/A,https://intranet.poc.com/sites/PriyaTestSiteTemplate,2372dffa-0412-4aeb-a4bd-4296dd793d62,N/A,N/A,N/A,https://intranet.poc.com/,N/A
N/A,Portal_Content_02,i:0#.w|mgmt7\ms-mla-rassir,6/14/2016 5:35:40 AM,0x,false,True,False,False,False,False,False,False,N/A,False,i:0#.w|mgmt7\ms-mla-rassir,6/14/2016 5:35:40 AM,0,N/A,FALSE,N/A,STOne.wsp,N/A,https://intranet.poc.com/sites/PriyaTestSiteTemplate,2372dffa-0412-4aeb-a4bd-4296dd793d62,N/A,N/A,N/A,https://intranet.poc.com/,N/A
N/A,Portal_Content_02,i:0#.w|mgmt7\ms-mla-rassir,6/14/2016 7:21:12 AM,0x,false,True,False,False,False,False,False,False,N/A,False,i:0#.w|mgmt7\ms-mla-rassir,6/14/2016 7:21:12 AM,0,N/A,FALSE,N/A,STOneTest.wsp,N/A,https://intranet.poc.com/sites/PriyaTestSiteTemplate,2372dffa-0412-4aeb-a4bd-4296dd793d62,N/A,N/A,N/A,https://intranet.poc.com/,N/A
N/A,Portal_Content_02,i:0#.w|mgmt7\ms-mla-rassir,6/28/2016 7:15:11 AM,0x,false,True,False,False,False,False,False,False,N/A,False,i:0#.w|mgmt7\ms-mla-rassir,6/28/2016 7:15:11 AM,N/A,N/A,FALSE,62592959-4a27-4f07-89d4-6907d158c53f,lt_PriyaTest.wsp,QTMHjS7DHKAiY51pZAfV57fuWRd+DKrbuUxubaSKoF8=,https://intranet.poc.com/sites/PriyaTestSiteTemplate,2372dffa-0412-4aeb-a4bd-4296dd793d62,N/A,Activated,SITE TEMPLATE,https://intranet.poc.com/,N/A
N/A,Portal_Content_02,i:0#.w|mgmt7\ms-mla-rassir,6/16/2016 9:40:20 AM,0x,false,True,False,False,False,False,False,False,N/A,False,i:0#.w|mgmt7\ms-mla-rassir,6/16/2016 9:40:20 AM,N/A,N/A,FALSE,7063750e-03b2-46d2-be20-eaace8c07f0d,st_PriyaTestSiteTemplate2.wsp,IUzN2BCYubb2S7eA9593Wrw4fiRFiGnHh3c6AIFrfsE=,https://intranet.poc.com/sites/PriyaTestSiteTemplate,2372dffa-0412-4aeb-a4bd-4296dd793d62,N/A,Activated,SITE TEMPLATE,https://intranet.poc.com/,N/A
N/A,Portal_Content_02,i:0#.w|mgmt7\ms-mla-rassir,6/20/2016 7:14:39 AM,0x,false,True,False,False,False,False,False,False,N/A,False,i:0#.w|mgmt7\ms-mla-rassir,6/20/2016 7:14:39 AM,N/A,N/A,FALSE,6583c90d-b1fb-4108-b716-f06b5f0c168e,st_PriyaTestSiteTemplate.wsp,sTjNIlBg4sQuDABLPsk9mGlb2vA9HBcPA3vnDJ17724=,https://intranet.poc.com/sites/PriyaTestSiteTemplate,2372dffa-0412-4aeb-a4bd-4296dd793d62,N/A,Activated,SITE TEMPLATE,https://intranet.poc.com/,N/A
5,Portal_Content_02,i:0#.w|mgmt7\ms-mla-ansax,10/13/2016 3:43:53 AM,0x,true,True,False,False,False,False,False,False,N/A,False,i:0#.w|mgmt7\ms-mla-ansax,10/13/2016 3:43:53 AM,2,1,FALSE,e630a980-1137-4e7d-96aa-1dec097ac497,Disable_Event_Receiver.wsp,U8sYsQwc+H4teRHLiBdUrVslVoGjEKaOkgp1Ai/ziaA=,https://intranet.poc.com/sites/AnubhavCTER_2,584863c4-3434-4eaa-b977-475538c32851,N/A,Activated,CUSTOM CODE,https://intranet.poc.com/,N/A
N/A,Portal_Content_02,i:0#.w|mgmt7\ms-mla-tikant,11/1/2016 5:50:16 AM,0x,false,True,False,False,False,False,False,False,N/A,False,i:0#.w|mgmt7\ms-mla-tikant,11/1/2016 5:50:16 AM,0,N/A,FALSE,N/A,Project Template 6.81.wsp,N/A,https://intranet.poc.com/sites/ertest,31fa7355-11cb-4b75-940e-50107cf4e815,N/A,N/A,N/A,https://intranet.poc.com/,N/A
N/A,Portal_Content_02,i:0#.w|mgmt7\ms-mla-tikant,11/1/2016 5:50:46 AM,0x,false,True,False,False,False,False,False,False,N/A,False,i:0#.w|mgmt7\ms-mla-tikant,11/1/2016 5:50:46 AM,0,N/A,FALSE,N/A,Project Template 7.0.wsp,N/A,https://intranet.poc.com/sites/ertest,31fa7355-11cb-4b75-940e-50107cf4e815,N/A,N/A,N/A,https://intranet.poc.com/,N/A
N/A,Portal_Content_02,i:0#.w|mgmt7\ms-mla-tikant,11/1/2016 5:50:58 AM,0x,false,True,False,False,False,False,False,False,N/A,False,i:0#.w|mgmt7\ms-mla-tikant,11/1/2016 5:50:58 AM,0,N/A,FALSE,N/A,Project Template 8.0.wsp,N/A,https://intranet.poc.com/sites/ertest,31fa7355-11cb-4b75-940e-50107cf4e815,N/A,N/A,N/A,https://intranet.poc.com/,N/A
N/A,Portal_Content_02,i:0#.w|mgmt7\ms-mla-tikant,11/1/2016 5:51:34 AM,0x,false,True,False,False,False,False,False,False,N/A,False,i:0#.w|mgmt7\ms-mla-tikant,11/1/2016 5:51:34 AM,0,N/A,FALSE,N/A,Project Template 9.0.wsp,N/A,https://intranet.poc.com/sites/ertest,31fa7355-11cb-4b75-940e-50107cf4e815,N/A,N/A,N/A,https://intranet.poc.com/,N/A
N/A,Portal_Content_02,i:0#.w|mgmt7\ms-mla-tikant,11/1/2016 5:52:10 AM,0x,false,True,False,False,False,False,False,False,N/A,False,i:0#.w|mgmt7\ms-mla-tikant,11/1/2016 5:52:10 AM,0,N/A,FALSE,N/A,Template 12.1.wsp,N/A,https://intranet.poc.com/sites/ertest,31fa7355-11cb-4b75-940e-50107cf4e815,N/A,N/A,N/A,https://intranet.poc.com/,N/A
N/A,Portal_Content_02,i:0#.w|mgmt7\ms-mla-tikant,11/1/2016 5:51:52 AM,0x,false,True,False,False,False,False,False,False,N/A,False,i:0#.w|mgmt7\ms-mla-tikant,11/1/2016 5:51:52 AM,N/A,N/A,FALSE,26593d86-ffbf-47a7-a1e8-f7a815179f4f,SOC.SmallJob.wsp,3LyQmMPcwp+bYdsysnVlAM3MxbRKPfenreW2oJaebN4=,https://intranet.poc.com/sites/ertest,31fa7355-11cb-4b75-940e-50107cf4e815,N/A,Activated,SITE TEMPLATE,https://intranet.poc.com/,N/A
18,Portal_Content_02,i:0#.w|mgmt7\ms-mla-ansax,6/23/2016 4:22:04 PM,0x,true,True,True,True,False,False,False,False,N/A,False,i:0#.w|mgmt7\ms-mla-ansax,6/23/2016 4:22:04 PM,4,3,FALSE,01c24bfa-039d-4c65-a035-c877201ceb92,Hyatt.Contracts.Metadata.wsp,OcSeUwuRSOXVhhOqK9zzg+TIYcsrrGfvFYpCgFHiS1g=,https://intranet.poc.com/sites/Hyattt-Testing,5097e4b5-aafa-4a63-99de-606e535cac2a,N/A,Activated,CUSTOM CODE,https://intranet.poc.com/,N/A
N/A,Portal_Content_02,i:0#.w|mgmt7\ms-mla-tikant,10/18/2016 5:48:06 AM,0x,true,False,False,False,False,False,False,False,False,True,i:0#.w|mgmt7\ms-mla-tikant,10/18/2016 5:48:06 AM,5,N/A,FALSE,N/A,InfoPath Form_Test_oirjWjLm_1.0.0.9.wsp,N/A,https://intranet.poc.com/sites/CTERTesting,3c623e97-12a3-495c-87d9-63b54693dea9,N/A,N/A,N/A,https://intranet.poc.com/,N/A
N/A,Portal_Content_02,i:0#.w|mgmt7\ms-mla-tikant,10/18/2016 5:48:23 AM,0x,true,True,True,False,False,False,False,False,N/A,False,i:0#.w|mgmt7\ms-mla-tikant,10/18/2016 5:48:23 AM,2,N/A,FALSE,N/A,PAC.SharePoint.VersionInfoInDocs2010(v1.1).wsp,N/A,https://intranet.poc.com/sites/CTERTesting,3c623e97-12a3-495c-87d9-63b54693dea9,N/A,N/A,N/A,https://intranet.poc.com/,N/A
N/A,Portal_Content_02,i:0#.w|mgmt7\ms-mla-tikant,10/18/2016 5:48:34 AM,0x,true,False,False,False,False,False,False,False,N/A,False,i:0#.w|mgmt7\ms-mla-tikant,10/18/2016 5:48:34 AM,10,N/A,TRUE,N/A,SPWorkflows.ResetVersionNumber.wsp,N/A,https://intranet.poc.com/sites/CTERTesting,3c623e97-12a3-495c-87d9-63b54693dea9,N/A,N/A,N/A,https://intranet.poc.com/,N/A
N/A,Portal_Content_02,i:0#.w|mgmt7\ms-mla-haraja,6/27/2016 6:36:02 AM,0x,true,True,False,False,False,False,False,False,N/A,False,i:0#.w|mgmt7\ms-mla-haraja,6/27/2016 6:36:02 AM,2,N/A,FALSE,N/A,TestSandBoxER.wsp,N/A,https://intranet.poc.com/sites/HariCust1,fc5f0935-aaf5-42e9-9656-9029d4b0fc57,N/A,N/A,N/A,https://intranet.poc.com/,N/A
5,Portal_Content_02,i:0#.w|mgmt7\ms-mla-haraja,6/27/2016 6:40:22 AM,0x,true,True,False,False,False,False,False,False,N/A,False,i:0#.w|mgmt7\ms-mla-haraja,6/27/2016 6:40:22 AM,2,1,FALSE,a7837cb7-b237-4fe6-a6dc-172a0f61ac24,EventReceiverTestForEvalSite.wsp,3wsOpJw/Zq8vDK73+7bpS84I2P2Jdz5GRlULEBc6UX8=,https://intranet.poc.com/sites/HariCust1,fc5f0935-aaf5-42e9-9656-9029d4b0fc57,N/A,Activated,CUSTOM CODE,https://intranet.poc.com/,N/A
18,Portal_Content_02,i:0#.w|mgmt7\ms-mla-haraja,6/23/2016 7:45:37 PM,0x,true,True,True,True,False,False,False,False,N/A,False,i:0#.w|mgmt7\ms-mla-haraja,6/23/2016 7:45:37 PM,4,3,FALSE,01c24bfa-039d-4c65-a035-c877201ceb92,Hyatt.Contracts.Metadata.wsp,OcSeUwuRSOXVhhOqK9zzg+TIYcsrrGfvFYpCgFHiS1g=,https://intranet.poc.com/sites/HariCust1,fc5f0935-aaf5-42e9-9656-9029d4b0fc57,N/A,Activated,CUSTOM CODE,https://intranet.poc.com/,N/A
N/A,Portal_Content_02,i:0#.w|mgmt7\ms-mla-haraja,6/23/2016 9:47:17 PM,0x,false,True,False,False,False,False,False,False,N/A,False,i:0#.w|mgmt7\ms-mla-haraja,6/23/2016 9:47:17 PM,N/A,N/A,FALSE,92bb9ccd-602d-44a7-a17b-dc8f09e0382d,contract1.wsp,+PzFy7HJ5pLrDEDC8S7TbtFAM7Cg38tsW1noavCEKEg=,https://intranet.poc.com/sites/HariCust1,fc5f0935-aaf5-42e9-9656-9029d4b0fc57,N/A,Activated,SITE TEMPLATE,https://intranet.poc.com/,N/A
4,Portal_Content_02,i:0#.w|mgmt7\ms-mla-vidhko,8/3/2016 6:28:08 AM,0x,true,False,False,False,False,False,False,True,N/A,False,i:0#.w|mgmt7\ms-mla-vidhko,8/3/2016 6:28:08 AM,1,0,FALSE,19b2be62-a8f7-416e-a8b1-246e980429c5,BSolnDesignPackage.wsp,Hjqmp4dnTyIvdU6U9iuLCf0vnqEf20AVdaP5aGOL49A=,https://intranet.poc.com/sites/PriyaFeatureTest,665e44d8-e1da-47e6-80ac-c0d905716ce9,N/A,Activated,CUSTOM CODE,https://intranet.poc.com/,N/A
N/A,Portal_Content_02,i:0#.w|mgmt7\ms-mla-rassir,6/20/2016 7:14:53 AM,0x,false,True,False,False,False,False,False,False,N/A,False,i:0#.w|mgmt7\ms-mla-rassir,6/20/2016 7:14:53 AM,N/A,N/A,FALSE,1cf19e50-f0be-479a-b932-422b7b027bf1,st_RashBlog2.wsp,/Ucp2jXg6K0GS0+TkkSjwDm5yzcaJxxQt92DTbQpfR8=,https://intranet.poc.com/sites/RashBlog,70ef0f56-c4e6-4a33-967f-d936c2196fb8,N/A,Activated,SITE TEMPLATE,https://intranet.poc.com/,N/A
N/A,Portal_Content_02,i:0#.w|mgmt7\ms-mla-rassir,6/14/2016 12:05:28 PM,0x,false,True,False,False,False,False,False,False,N/A,False,i:0#.w|mgmt7\ms-mla-rassir,6/14/2016 12:05:28 PM,N/A,N/A,FALSE,14fb5fac-01c1-4e10-aacf-b33e7cb64ae2,st_RashBlog.wsp,gSnj7MQAWFYjDkj2YyXiQ/WO7V3srrzet1rD8TluVOA=,https://intranet.poc.com/sites/RashBlog,70ef0f56-c4e6-4a33-967f-d936c2196fb8,N/A,Activated,SITE TEMPLATE,https://intranet.poc.com/,N/A
N/A,Portal_Content_02,i:0#.w|mgmt7\ms-mla-ansax,10/28/2016 3:04:15 AM,0x,false,True,False,False,False,False,False,False,N/A,False,i:0#.w|mgmt7\ms-mla-ansax,10/28/2016 3:04:15 AM,0,N/A,FALSE,N/A,Project Template 6.81.wsp,N/A,https://intranet.poc.com/sites/PKS-ListSiteTemplate,6eaa9b86-40a2-448b-b44b-e41aab77ea5f,N/A,N/A,N/A,https://intranet.poc.com/,N/A
N/A,Portal_Content_02,i:0#.w|mgmt7\ms-mla-ansax,10/28/2016 3:04:44 AM,0x,false,True,False,False,False,False,False,False,N/A,False,i:0#.w|mgmt7\ms-mla-ansax,10/28/2016 3:04:44 AM,0,N/A,FALSE,N/A,Template 12.1.wsp,N/A,https://intranet.poc.com/sites/PKS-ListSiteTemplate,6eaa9b86-40a2-448b-b44b-e41aab77ea5f,N/A,N/A,N/A,https://intranet.poc.com/,N/A
N/A,Portal_Content_02,i:0#.w|mgmt7\ms-mla-ansax,10/28/2016 3:05:05 AM,0x,false,True,False,False,False,False,False,False,N/A,False,i:0#.w|mgmt7\ms-mla-ansax,10/28/2016 3:05:05 AM,N/A,N/A,FALSE,26593d86-ffbf-47a7-a1e8-f7a815179f4f,SOC.SmallJob.wsp,3LyQmMPcwp+bYdsysnVlAM3MxbRKPfenreW2oJaebN4=,https://intranet.poc.com/sites/PKS-ListSiteTemplate,6eaa9b86-40a2-448b-b44b-e41aab77ea5f,N/A,Activated,SITE TEMPLATE,https://intranet.poc.com/,N/A
N/A,Team_Content_01,SHAREPOINT\system,2/18/2016 12:49:01 PM,0x,false,N/A,N/A,N/A,N/A,N/A,N/A,N/A,N/A,N/A,SHAREPOINT\system,2/18/2016 12:49:01 PM,N/A,N/A,TRUE,59d55379-ae71-4d52-8630-4fcfd2afb36d,Chip Content Task Creation WF.wsp,cqSBVSGYr8J3wChqcbnc9HAsVgulVsfZiVfZb4TJtBw=,https://teams.poc.com/,bb659bab-babc-4625-9059-0eb973f1ed45,N/A,Activated,DESIGN PACKAGE,https://teams.poc.com/,N/A
N/A,Team_Content_01,SHAREPOINT\system,2/18/2016 12:48:44 PM,0x,false,N/A,N/A,N/A,N/A,N/A,N/A,N/A,N/A,N/A,SHAREPOINT\system,2/18/2016 12:48:44 PM,N/A,N/A,TRUE,a840d17d-9e96-40f5-ac56-78d9ed3e4d06,Chip Content Task Creation POA WF.wsp,uN03/L8l/HgbtNh0WvMpe68RS6w+2GQtELgYrSYYU9w=,https://teams.poc.com/,bb659bab-babc-4625-9059-0eb973f1ed45,N/A,Activated,DESIGN PACKAGE,https://teams.poc.com/,N/A
N/A,Team_Content_01,SHAREPOINT\system,2/18/2016 12:48:19 PM,0x,false,N/A,N/A,N/A,N/A,N/A,N/A,N/A,N/A,N/A,SHAREPOINT\system,2/18/2016 12:48:19 PM,N/A,N/A,TRUE,0b364f35-c96e-491c-b095-8381976b8afa,Chip Content Task Approval WF.wsp,1hbjol9jeULrk2wGYsqk/H1CxAw+Zf1sg9hkgQSV+eE=,https://teams.poc.com/,bb659bab-babc-4625-9059-0eb973f1ed45,N/A,Activated,DESIGN PACKAGE,https://teams.poc.com/,N/A
N/A,Team_Content_01,SHAREPOINT\system,2/18/2016 12:48:00 PM,0x,false,N/A,N/A,N/A,N/A,N/A,N/A,N/A,N/A,N/A,SHAREPOINT\system,2/18/2016 12:48:00 PM,N/A,N/A,TRUE,9cfc0e3f-963d-4961-9bdf-bd48f9f72290,Chip Content Task Approval POA WF.wsp,PbAojDzQXvnIP2JMuO7Jv5zPYJrT/zFtd2+vtGO6lmM=,https://teams.poc.com/,bb659bab-babc-4625-9059-0eb973f1ed45,N/A,Activated,DESIGN PACKAGE,https://teams.poc.com/,N/A
N/A,Team_Content_01,SHAREPOINT\system,8/3/2016 6:37:25 AM,0x,N/A,N/A,N/A,N/A,N/A,N/A,N/A,N/A,N/A,N/A,SHAREPOINT\system,8/3/2016 6:37:25 AM,N/A,N/A,TRUE,N/A,spworld.news.wsp,N/A,https://teams.poc.com/sites/DTTesting,77b85c3a-312e-4767-a6f3-22add6f3ee1e,N/A,N/A,N/A,https://teams.poc.com/,N/A
N/A,Team_Content_01,i:0#.w|mgmt7\ms-mla-tikant,8/3/2016 5:18:01 AM,0x,true,N/A,N/A,N/A,N/A,N/A,N/A,N/A,N/A,N/A,i:0#.w|mgmt7\ms-mla-tikant,8/3/2016 5:18:01 AM,N/A,N/A,TRUE,b8049f55-be6c-446c-9e2a-26cba97957fd,CustomListSandbxSol.wsp,zwXrmDLSwD9ajmGF8L1m+gq184NWv6gXBw+DuBXh8PQ=,https://teams.poc.com/sites/DTTesting,77b85c3a-312e-4767-a6f3-22add6f3ee1e,N/A,Activated,CUSTOM CODE,https://teams.poc.com/,N/A
N/A,Team_Content_01,i:0#.w|mgmt7\ms-mla-rassir,2/8/2016 12:12:43 PM,0x,true,N/A,N/A,N/A,N/A,N/A,N/A,N/A,N/A,N/A,i:0#.w|mgmt7\ms-mla-rassir,2/8/2016 12:12:43 PM,N/A,N/A,TRUE,bfd9ae65-f4b9-44f0-8f3c-0b84ad37b9e5,FTCSBLIST.wsp,mE9D33JgDgSgQf8qX9PfbP1WSTyahuEo8MXia+xKofk=,https://teams.poc.com/sites/RashDevSiteOne,d3d28864-29ad-453d-9fcc-2b2b472256f6,N/A,Activated,CUSTOM CODE,https://teams.poc.com/,N/A
N/A,Team_Content_01,i:0#.w|mgmt7\ms-mla-haraja,12/23/2015 5:45:00 AM,0x,true,N/A,N/A,N/A,N/A,N/A,N/A,N/A,N/A,N/A,i:0#.w|mgmt7\ms-mla-haraja,12/23/2015 5:45:00 AM,N/A,N/A,TRUE,333793e8-7583-4155-917d-377f4722a5c8,HariFTC1.wsp,WjGYHHCb2pjeFLqAAqeESQaVIk+sFdX1nS4bm69YQJY=,https://teams.poc.com/sites/RashDevSiteOne,d3d28864-29ad-453d-9fcc-2b2b472256f6,N/A,Activated,CUSTOM CODE,https://teams.poc.com/,N/A
N/A,Team_Content_01,i:0#.w|mgmt7\ms-mla-rassir,12/30/2015 9:32:33 AM,0x,true,N/A,N/A,N/A,N/A,N/A,N/A,N/A,N/A,N/A,i:0#.w|mgmt7\ms-mla-rassir,12/30/2015 9:32:33 AM,N/A,N/A,TRUE,1cb343fd-183a-4a9d-9f10-6863901e9e8a,FeatureFTCSBTest.wsp,dJxekRN2HeshRIZIlLjQ/xhV1PuSMh0RtWMH/e6uvmM=,https://teams.poc.com/sites/RashDevSiteOne,d3d28864-29ad-453d-9fcc-2b2b472256f6,N/A,Activated,CUSTOM CODE,https://teams.poc.com/,N/A
N/A,Team_Content_01,i:0#.w|mgmt7\ms-mla-haraja,12/23/2015 11:45:03 AM,0x,true,N/A,N/A,N/A,N/A,N/A,N/A,N/A,N/A,N/A,i:0#.w|mgmt7\ms-mla-haraja,12/23/2015 11:45:03 AM,N/A,N/A,TRUE,03772bc2-bf55-44b7-9959-9aa74c97a591,HariFTCCustomList.wsp,z4XtNK5TK2dMSBXE523+DQGxTPOUbeHoy7aYs8bLHQA=,https://teams.poc.com/sites/RashDevSiteOne,d3d28864-29ad-453d-9fcc-2b2b472256f6,N/A,Activated,CUSTOM CODE,https://teams.poc.com/,N/A
N/A,Team_Content_01,i:0#.w|mgmt7\ms-mla-haraja,12/23/2015 12:51:48 PM,0x,true,N/A,N/A,N/A,N/A,N/A,N/A,N/A,N/A,N/A,i:0#.w|mgmt7\ms-mla-haraja,12/23/2015 12:51:48 PM,N/A,N/A,TRUE,2db2145e-e7bd-4710-abaa-eddcbcee2f16,PMTFTCCustomList.wsp,a/Pywmdr7C+3Q3qZGfPe5UGbIK6g/NGa80aWKy0nGoE=,https://teams.poc.com/sites/RashDevSiteOne,d3d28864-29ad-453d-9fcc-2b2b472256f6,N/A,Activated,CUSTOM CODE,https://teams.poc.com/,N/A
N/A,Team_Content_01,i:0#.w|mgmt7\ms-mla-rassir,12/7/2015 10:25:17 AM,0x,true,N/A,N/A,N/A,N/A,N/A,N/A,N/A,N/A,N/A,i:0#.w|mgmt7\ms-mla-rassir,12/7/2015 10:25:17 AM,N/A,N/A,TRUE,521f75f6-845d-4fb7-a925-f71e9f09b7b0,SBContentType.wsp,AlG5WiUb9M1745vwbdoMO8t21RCDUZsMfApLjH07jM8=,https://teams.poc.com/sites/RashDevSiteOne,d3d28864-29ad-453d-9fcc-2b2b472256f6,N/A,Activated,CUSTOM CODE,https://teams.poc.com/,N/A
N/A,Team_Content_01,i:0#.w|mgmt7\ms-mla-raredd,8/19/2015 10:57:56 PM,0x,true,N/A,N/A,N/A,N/A,N/A,N/A,N/A,N/A,N/A,i:0#.w|mgmt7\ms-mla-raredd,8/19/2015 10:57:56 PM,N/A,N/A,TRUE,08c8d516-f203-441e-a561-a5385fca8e40,InfoPath Form_EmpRegLib_ifFYaBg1_1.0.0.225.wsp,066cV8pAtA61PCh6qm3PSnH+jgyIvAuzS/2h1SpX8ns=,https://teams.poc.com/sites/rajdev,4d475d41-4af7-4f48-9a6f-35c90e7dce19,N/A,Activated,CUSTOM CODE,https://teams.poc.com/,N/A
N/A,Team_Content_01,i:0#.w|mgmt7\ms-mla-raredd,8/19/2015 10:52:12 PM,0x,true,N/A,N/A,N/A,N/A,N/A,N/A,N/A,N/A,N/A,i:0#.w|mgmt7\ms-mla-raredd,8/19/2015 10:52:12 PM,N/A,N/A,TRUE,01cc4b60-55e2-4f7d-bd82-f05eab48d1ea,InfoPath Form_EmpLib_rj54Z5Ai_1.0.0.222.wsp,qBfbIBWBJi5lyAkhu2ZsOXVgKws3r/uFRgBMdcFweFM=,https://teams.poc.com/sites/rajdev,4d475d41-4af7-4f48-9a6f-35c90e7dce19,N/A,Activated,CUSTOM CODE,https://teams.poc.com/,N/A
N/A,Team_Content_01,i:0#.w|mgmt7\ms-mla-rassir,2/8/2016 12:15:24 PM,0x,true,N/A,N/A,N/A,N/A,N/A,N/A,N/A,N/A,N/A,i:0#.w|mgmt7\ms-mla-rassir,2/8/2016 12:15:24 PM,N/A,N/A,TRUE,bfd9ae65-f4b9-44f0-8f3c-0b84ad37b9e5,FTCSBLIST.wsp,JEtmNwD4f2b16YsRNElJgbyplcV++UfvoRrbyCtHSWo=,https://teams.poc.com/sites/RashTeamSiteOne,c763bbc5-8c97-4ea8-a226-46b2a318e307,N/A,Activated,CUSTOM CODE,https://teams.poc.com/,N/A
N/A,Team_Content_01,i:0#.w|mgmt7\ms-mla-haraja,12/23/2015 12:46:10 AM,0x,true,N/A,N/A,N/A,N/A,N/A,N/A,N/A,N/A,N/A,i:0#.w|mgmt7\ms-mla-haraja,12/23/2015 12:46:10 AM,N/A,N/A,TRUE,a655b6ce-bb38-4c74-aa75-1eb88bc70174,HariList.wsp,8xZecqqFvujDjSXc/jiwZd5pcoB3X0Yhj1mFNoNUCag=,https://teams.poc.com/sites/RashTeamSiteOne,c763bbc5-8c97-4ea8-a226-46b2a318e307,N/A,Activated,CUSTOM CODE,https://teams.poc.com/,N/A
N/A,Team_Content_01,i:0#.w|mgmt7\ms-mla-rassir,1/1/2016 11:53:35 AM,0x,true,N/A,N/A,N/A,N/A,N/A,N/A,N/A,N/A,N/A,i:0#.w|mgmt7\ms-mla-rassir,1/1/2016 11:53:35 AM,N/A,N/A,TRUE,7587d365-ed8e-48fc-8b65-3dd703c5e9d1,Feature_FTCSB.wsp,+KwXV8L7Ax59JGI8Sr4gsvPu6RORyoL2YqqChjdurtU=,https://teams.poc.com/sites/RashTeamSiteOne,c763bbc5-8c97-4ea8-a226-46b2a318e307,N/A,Activated,CUSTOM CODE,https://teams.poc.com/,N/A
N/A,Team_Content_01,i:0#.w|mgmt7\ms-mla-rassir,12/9/2015 10:36:29 AM,0x,true,N/A,N/A,N/A,N/A,N/A,N/A,N/A,N/A,N/A,i:0#.w|mgmt7\ms-mla-rassir,12/9/2015 10:36:29 AM,N/A,N/A,TRUE,48da781d-0f6d-44a2-aa48-4b72aaf7d2f9,CTFromSB.wsp,onh02qYQNG2vgoYPBFQjQGYVFXJ9/eA1PQ69bU7aJTY=,https://teams.poc.com/sites/RashTeamSiteOne,c763bbc5-8c97-4ea8-a226-46b2a318e307,N/A,Activated,CUSTOM CODE,https://teams.poc.com/,N/A
N/A,Team_Content_01,i:0#.w|mgmt7\ms-mla-rassir,8/3/2016 11:56:01 AM,0x,true,N/A,N/A,N/A,N/A,N/A,N/A,N/A,N/A,N/A,i:0#.w|mgmt7\ms-mla-rassir,8/3/2016 11:56:01 AM,N/A,N/A,TRUE,460f49f4-45b2-43e9-8bf9-50ad41f9785d,DPImportToVS.wsp,K+x/L1i/6Ldqi4wlloqrLPeCajVpOd4azjR8v2+fmKs=,https://teams.poc.com/sites/RashTeamSiteOne,c763bbc5-8c97-4ea8-a226-46b2a318e307,N/A,Activated,CUSTOM CODE,https://teams.poc.com/,N/A
N/A,Team_Content_01,i:0#.w|mgmt7\ms-mla-rassir,12/30/2015 11:02:05 AM,0x,true,N/A,N/A,N/A,N/A,N/A,N/A,N/A,N/A,N/A,i:0#.w|mgmt7\ms-mla-rassir,12/30/2015 11:02:05 AM,N/A,N/A,TRUE,1cb343fd-183a-4a9d-9f10-6863901e9e8a,FeatureFTCSBTest.wsp,9pGZeLbt6J4ZLEnxeHTx3rbkloWLL+v8ge1z8uDD75E=,https://teams.poc.com/sites/RashTeamSiteOne,c763bbc5-8c97-4ea8-a226-46b2a318e307,N/A,Activated,CUSTOM CODE,https://teams.poc.com/,N/A
N/A,Team_Content_01,i:0#.w|mgmt7\ms-mla-rassir,6/13/2016 1:24:32 PM,0x,true,N/A,N/A,N/A,N/A,N/A,N/A,N/A,N/A,N/A,i:0#.w|mgmt7\ms-mla-rassir,6/13/2016 1:24:32 PM,N/A,N/A,TRUE,3ea91861-9bea-4710-b01d-7327ac88403d,ImportSiteTemplate.wsp,bHB4SEQQPqhxydfL1ygcPM5gA2s+YMUuhfZCi4+v+U4=,https://teams.poc.com/sites/RashTeamSiteOne,c763bbc5-8c97-4ea8-a226-46b2a318e307,N/A,Activated,CUSTOM CODE,https://teams.poc.com/,N/A
N/A,Team_Content_01,i:0#.w|mgmt7\ms-mla-rassir,12/8/2015 5:37:00 AM,0x,true,N/A,N/A,N/A,N/A,N/A,N/A,N/A,N/A,N/A,i:0#.w|mgmt7\ms-mla-rassir,12/8/2015 5:37:00 AM,N/A,N/A,TRUE,1461055a-5b4f-4543-8ead-c1ad8a576d17,RemCTSB.wsp,eOjiseDDXCUYvSSfkMhfGDEEvSu3XYBHYmHMyz4wDTI=,https://teams.poc.com/sites/RashTeamSiteOne,c763bbc5-8c97-4ea8-a226-46b2a318e307,N/A,Activated,CUSTOM CODE,https://teams.poc.com/,N/A
N/A,Team_Content_01,i:0#.w|mgmt7\ms-mla-rassir,12/7/2015 10:30:11 AM,0x,true,N/A,N/A,N/A,N/A,N/A,N/A,N/A,N/A,N/A,i:0#.w|mgmt7\ms-mla-rassir,12/7/2015 10:30:11 AM,N/A,N/A,TRUE,521f75f6-845d-4fb7-a925-f71e9f09b7b0,SBContentType.wsp,VyaabxUugwlxMjIEG4jTD8izxNzfR2otk2zX9qksXew=,https://teams.poc.com/sites/RashTeamSiteOne,c763bbc5-8c97-4ea8-a226-46b2a318e307,N/A,Activated,CUSTOM CODE,https://teams.poc.com/,N/A
N/A,Team_Content_01,i:0#.w|mgmt7\ms-mla-haraja,12/8/2015 9:47:43 PM,0x,true,N/A,N/A,N/A,N/A,N/A,N/A,N/A,N/A,N/A,i:0#.w|mgmt7\ms-mla-haraja,12/8/2015 9:47:43 PM,N/A,N/A,TRUE,1461055a-5b4f-4543-8ead-c1ad8a576d17,RemCTSB.wsp,5pHeWeoBfuzKZYpVTN10dmcvUSE+wx8jnrcrMMrKTNI=,https://teams.poc.com/sites/HariCTTest,62eee3ed-2db8-4304-ad84-6551ae65d0d9,N/A,Activated,CUSTOM CODE,https://teams.poc.com/,N/A
N/A,Team_Content_01,i:0#.w|mgmt7\ms-mla-rassir,12/18/2015 12:32:02 PM,0x,true,N/A,N/A,N/A,N/A,N/A,N/A,N/A,N/A,N/A,i:0#.w|mgmt7\ms-mla-rassir,12/18/2015 12:32:02 PM,N/A,N/A,TRUE,89634663-89b2-4336-a7e8-34bfef6bf619,TestCustomListOne.wsp,/zED4ZnM2qIieu2S+7jY0mHw9AjeWGMyTAeeRmPWXvQ=,https://teams.poc.com/sites/divTestSite,ba8c8474-1651-4ada-9fa5-71cbbdccbc22,N/A,Activated,CUSTOM CODE,https://teams.poc.com/,N/A
N/A,Team_Content_01,i:0#.w|mgmt7\ms-mla-haraja,12/23/2015 1:41:46 AM,0x,true,N/A,N/A,N/A,N/A,N/A,N/A,N/A,N/A,N/A,i:0#.w|mgmt7\ms-mla-haraja,12/23/2015 1:41:46 AM,N/A,N/A,TRUE,333793e8-7583-4155-917d-377f4722a5c8,HariFTC1.wsp,qCDO3tpVjvgnwyq5kHvqxgeHyOmH/NT6rmm1KF9OFic=,https://teams.poc.com/sites/divTestSite,ba8c8474-1651-4ada-9fa5-71cbbdccbc22,N/A,Activated,CUSTOM CODE,https://teams.poc.com/,N/A
N/A,Team_Content_01,i:0#.w|mgmt7\ms-mla-vidhko,7/20/2016 9:20:13 AM,0x,false,N/A,N/A,N/A,N/A,N/A,N/A,N/A,N/A,N/A,i:0#.w|mgmt7\ms-mla-vidhko,7/20/2016 9:20:13 AM,N/A,N/A,TRUE,002b691c-3d99-4f23-b6b3-41717807952f,CTSiteTemplate.wsp,oFAK7PauGO5rsJea/Rqys/muQHhA65sTiTj3tAF+aww=,https://teams.poc.com/sites/divTestSite,ba8c8474-1651-4ada-9fa5-71cbbdccbc22,N/A,Activated,SITE TEMPLATE,https://teams.poc.com/,N/A
N/A,Team_Content_01,i:0#.w|mgmt7\ms-mla-vidhko,7/19/2016 1:30:53 PM,0x,false,N/A,N/A,N/A,N/A,N/A,N/A,N/A,N/A,N/A,i:0#.w|mgmt7\ms-mla-vidhko,7/19/2016 1:30:53 PM,N/A,N/A,TRUE,9b978fa7-f7fc-427d-8fc4-9bff4cd84654,ERSiteTemplate.wsp,OMGm6HmoTFC/ricu9ZmvTrQxdB+WGMn8AwFvRvVZgZw=,https://teams.poc.com/sites/divTestSite,ba8c8474-1651-4ada-9fa5-71cbbdccbc22,N/A,Activated,SITE TEMPLATE,https://teams.poc.com/,N/A
N/A,Team_Content_01,i:0#.w|mgmt7\ms-mla-vidhko,11/24/2015 11:17:57 AM,0x,true,N/A,N/A,N/A,N/A,N/A,N/A,N/A,N/A,N/A,i:0#.w|mgmt7\ms-mla-vidhko,11/24/2015 11:17:57 AM,N/A,N/A,TRUE,96b32eaf-831a-4f7b-9f26-edf0c88a298f,InfoPath Form_EmpFormLib_QNpPuOew_1.0.0.3.wsp,8HWolp+kjnjJ/OhaEOauIqxjW0SyrsWrISs/wS71FwQ=,https://teams.poc.com/sites/TestIPForm,8ba73ba8-2e9d-4d33-9d7b-790fdf59ded7,N/A,Activated,CUSTOM CODE,https://teams.poc.com/,N/A
N/A,Team_Content_01,i:0#.w|mgmt7\ms-mla-rassir,12/30/2015 9:41:47 AM,0x,true,N/A,N/A,N/A,N/A,N/A,N/A,N/A,N/A,N/A,i:0#.w|mgmt7\ms-mla-rassir,12/30/2015 9:41:47 AM,N/A,N/A,TRUE,1cb343fd-183a-4a9d-9f10-6863901e9e8a,FeatureFTCSBTest.wsp,/F3Yq9kO0NreWlI7K0hjnfIjtLctq6pi0ADhCjmIVlU=,https://teams.poc.com/sites/PMTTestTEamOne,3da81672-7e9c-492b-8dc9-a7761544cb29,N/A,Activated,CUSTOM CODE,https://teams.poc.com/,N/A
N/A,Team_Content_01,i:0#.w|mgmt7\ms-mla-rassir,10/29/2015 10:38:28 AM,0x,true,N/A,N/A,N/A,N/A,N/A,N/A,N/A,N/A,N/A,i:0#.w|mgmt7\ms-mla-rassir,10/29/2015 10:38:28 AM,N/A,N/A,TRUE,a7e10ff3-9189-47f2-81e8-9da2a0cd7b03,SandboxedSetupFile.wsp,kgugI0xRomInJMr6Y/57hz4WGx/O+YkkeZG3A2PLgyc=,https://teams.poc.com/sites/PMTTestTEamOne,3da81672-7e9c-492b-8dc9-a7761544cb29,N/A,Activated,CUSTOM CODE,https://teams.poc.com/,N/A
N/A,Team_Content_01,i:0#.w|mgmt7\ms-mla-rassir,10/29/2015 9:36:11 AM,0x,true,N/A,N/A,N/A,N/A,N/A,N/A,N/A,N/A,N/A,i:0#.w|mgmt7\ms-mla-rassir,10/29/2015 9:36:11 AM,N/A,N/A,TRUE,1324ee0a-e726-4033-a1c8-dca30ddd4443,WebPartUsingSandboxedSolution.wsp,rbdUXBAHfNvCO6Q056fEwm2IHlNMJb6a2Bj9uSSJ0bE=,https://teams.poc.com/sites/PMTTestTEamOne,3da81672-7e9c-492b-8dc9-a7761544cb29,N/A,Activated,CUSTOM CODE,https://teams.poc.com/,N/A
N/A,Team_Content_New,i:0#.w|mgmt7\ms-mla-haraja,9/27/2016 6:26:56 PM,0x,N/A,N/A,N/A,N/A,N/A,N/A,N/A,N/A,N/A,N/A,i:0#.w|mgmt7\ms-mla-haraja,9/27/2016 6:26:56 PM,N/A,N/A,TRUE,N/A,HariSBTest.wsp,N/A,https://teams.poc.com/sites/HariSBTest,65e37bad-446d-44ca-94ca-0e530e9e09bc,N/A,N/A,N/A,https://teams.poc.com/,N/A
N/A,Team_Content_New,i:0#.w|mgmt7\ms-mla-haraja,9/27/2016 6:05:19 PM,0x,N/A,N/A,N/A,N/A,N/A,N/A,N/A,N/A,N/A,N/A,i:0#.w|mgmt7\ms-mla-haraja,9/27/2016 6:05:19 PM,N/A,N/A,TRUE,N/A,VisualWebPartProject1.wsp,N/A,https://teams.poc.com/sites/HariSBTest,65e37bad-446d-44ca-94ca-0e530e9e09bc,N/A,N/A,N/A,https://teams.poc.com/,N/A
N/A,Team_Content_New,i:0#.w|mgmt7\ms-mla-tikant,1/10/2017 9:25:05 AM,0x,true,N/A,N/A,N/A,N/A,N/A,N/A,N/A,N/A,N/A,i:0#.w|mgmt7\ms-mla-tikant,1/10/2017 9:25:05 AM,N/A,N/A,TRUE,52b7a590-308f-4ade-8295-6f1372b6c218,CustomCodeSBSolnTest.wsp,IiiVsqNgPIp4AcUjrCK/fgvXT8wX0Cpeffn6yLNwjlM=,https://teams.poc.com/sites/SBTest,78a48bdc-355a-4bc7-9ba3-501cf17b4c8e,N/A,Activated,CUSTOM CODE,https://teams.poc.com/,N/A
N/A,Team_Content_New,i:0#.w|mgmt7\ms-mla-vidhko,6/13/2016 2:11:50 PM,0x,N/A,N/A,N/A,N/A,N/A,N/A,N/A,N/A,N/A,N/A,i:0#.w|mgmt7\ms-mla-vidhko,6/13/2016 2:11:50 PM,N/A,N/A,TRUE,N/A,STTest.wsp,N/A,https://teams.poc.com/sites/TestSiteTemplateVidhi,3a6ff47d-b5ce-40b6-af0a-ccecf5b68a00,N/A,N/A,N/A,https://teams.poc.com/,N/A
N/A,Team_Content_New,i:0#.w|mgmt7\ms-mla-vidhko,6/13/2016 11:44:03 AM,0x,false,N/A,N/A,N/A,N/A,N/A,N/A,N/A,N/A,N/A,i:0#.w|mgmt7\ms-mla-vidhko,6/13/2016 11:44:03 AM,N/A,N/A,TRUE,d8b30f29-3c07-4c9a-9398-019469f6c2a5,SiteTemplateForTestERVidhi.wsp,6cQ25CV17GdVQk/EE6oMZaJL18zwekHYh2porwG05GA=,https://teams.poc.com/sites/TestERVidhi,345e8dd1-56fe-4769-8cfe-ce3909802cc6,N/A,Activated,SITE TEMPLATE,https://teams.poc.com/,N/A
N/A,Team_Content_New,i:0#.w|mgmt7\ms-mla-vidhko,6/13/2016 11:53:36 AM,0x,false,N/A,N/A,N/A,N/A,N/A,N/A,N/A,N/A,N/A,i:0#.w|mgmt7\ms-mla-vidhko,6/13/2016 11:53:36 AM,N/A,N/A,TRUE,8bafd29a-8f28-4f04-88e2-6e641bd2d3fe,SiteTemplateTest.wsp,En8fd0971SsYcGIWsywGleyO1cJi0vY6CyQUCaoWJJQ=,https://teams.poc.com/sites/TestERVidhi,345e8dd1-56fe-4769-8cfe-ce3909802cc6,N/A,Activated,SITE TEMPLATE,https://teams.poc.com/,N/A
N/A,Team_Content_New,i:0#.w|mgmt7\ms-mla-rassir,1/24/2017 9:36:26 AM,0x,true,N/A,N/A,N/A,N/A,N/A,N/A,N/A,N/A,N/A,i:0#.w|mgmt7\ms-mla-rassir,1/24/2017 9:36:26 AM,N/A,N/A,TRUE,1caf6831-9bd7-4031-961d-116963430b28,PnP_713_CustomList.wsp,CuK9sket5xdJAf4bz4kzOWuVdsBZ1fuTebACCvVY+PI=,https://teams.poc.com/sites/PnP_519,6ee95f37-8098-473f-acd0-e040ce4eba25,N/A,Activated,CUSTOM CODE,https://teams.poc.com/,N/A
