ContentDatabase,FeatureId,FeatureTitle,InputWebPartFile,InputWebPartType,PageUrl,SiteCollection,SiteCollectionOwner,SolutionId,SolutionName,StorageKey,UserID,WebApplication,WebPartAssembly,WebPartClass,WebPartId,WebPartType,WebPartTypeFullName,WebUrl,ZoneID,ZoneIndex
Portal_Content_01,3d1fc365-fdc7-4d94-92e2-3d85e95a2bee,PMTCustomWebPartTEstOne Feature1,PMTvisualWebPartTestOne\PMTvisualWebPartTestOne.webpart,"PMTCustomWebPartTEstOne.PMTvisualWebPartTestOne.PMTvisualWebPartTestOne, PMTCustomWebPartTEstOne, Version=1.0.0.0, Culture=neutral, PublicKeyToken=9779fdceccb54087",Pages/WebPartPageTesting.aspx,https://intranet.poc.com/sites/Publishing,N/A,N/A,pmtcustomwebparttestone.wsp,cf360c0a-a17a-4140-831f-b1a6325b6f72,,https://intranet.poc.com/,"PMTCustomWebPartTEstOne, Version=1.0.0.0, Culture=neutral, PublicKeyToken=9779fdceccb54087",PMTCustomWebPartTEstOne.PMTvisualWebPartTestOne.PMTvisualWebPartTestOne,,PMTvisualWebPartTestOne,PMTCustomWebPartTEstOne.PMTvisualWebPartTestOne.PMTvisualWebPartTestOne,https://intranet.poc.com/sites/Publishing,TopRow,0
Portal_Content_01,7e2ab32f-6903-44b9-affc-8f31360bfbbb,Contoso.Intranet - Site Default Publishing,TeaserWebPart\TeaserWebPart.webpart,"Contoso.Intranet.SP.WebParts.TeaserWebPart.TeaserWebPart, Contoso.Intranet, Version=1.0.0.0, Culture=neutral, PublicKeyToken=f2aa8abe3fc008cb",Pages/default.aspx,https://intranet.poc.com/sites/AnubhavPublishing,N/A,N/A,contoso.intranet.wsp,3bc3d550-336b-4c60-bafd-46e0e5af8d9a,,https://intranet.poc.com/,"Contoso.Intranet, Version=1.0.0.0, Culture=neutral, PublicKeyToken=f2aa8abe3fc008cb",Contoso.Intranet.SP.WebParts.TeaserWebPart.TeaserWebPart,,TeaserWebPart,Contoso.Intranet.SP.WebParts.TeaserWebPart.TeaserWebPart,https://intranet.poc.com/sites/AnubhavPublishing,LeftColumnZone,0
Portal_Content_01,34726d5b-e047-49dd-a56f-64a59f824683,FTCMasterPageOne RashCustomMasterPage,FTCScanVW\FTCScanVW.webpart,"FTCMasterPageOne.FTCScanVW.FTCScanVW, FTCMasterPageOne, Version=1.0.0.0, Culture=neutral, PublicKeyToken=3c7a78719418f837",SitePages/WebPartTrial.aspx,https://intranet.poc.com/sites/DiscoveryTool,N/A,N/A,ftcmasterpageone.wsp,ecc7d77e-b8c5-4e6d-95e9-f304fba513c4,,https://intranet.poc.com/,"FTCMasterPageOne, Version=1.0.0.0, Culture=neutral, PublicKeyToken=3c7a78719418f837",FTCMasterPageOne.FTCScanVW.FTCScanVW,,FTCScanVW,FTCMasterPageOne.FTCScanVW.FTCScanVW,https://intranet.poc.com/sites/DiscoveryTool,left,0
Portal_Content_01,3d1fc365-fdc7-4d94-92e2-3d85e95a2bee,PMTCustomWebPartTEstOne Feature1,PMTvisualWebPartTestOne\PMTvisualWebPartTestOne.webpart,"PMTCustomWebPartTEstOne.PMTvisualWebPartTestOne.PMTvisualWebPartTestOne, PMTCustomWebPartTEstOne, Version=1.0.0.0, Culture=neutral, PublicKeyToken=9779fdceccb54087",SitePages/MyPersonalizedPage.aspx,https://intranet.poc.com/sites/DiscoveryTool,N/A,N/A,pmtcustomwebparttestone.wsp,d0696865-4f88-4950-9208-c9239db90736,17,https://intranet.poc.com/,"PMTCustomWebPartTEstOne, Version=1.0.0.0, Culture=neutral, PublicKeyToken=9779fdceccb54087",PMTCustomWebPartTEstOne.PMTvisualWebPartTestOne.PMTvisualWebPartTestOne,,PMTvisualWebPartTestOne,PMTCustomWebPartTEstOne.PMTvisualWebPartTestOne.PMTvisualWebPartTestOne,https://intranet.poc.com/sites/DiscoveryTool,LeftColumn,0
Portal_Content_01,7dc545f5-1e25-48c9-bea2-98d81bf8fa8c,PMTWebPartTestTwo Feature1,TestWebPartOne\TestWebPartOne.webpart,"PMTWebPartTestTwo.TestWebPartOne.TestWebPartOne, PMTWebPartTestTwo, Version=1.0.0.0, Culture=neutral, PublicKeyToken=8e8a6d882667bbee",SitePages/MyPersonalizedPage.aspx,https://intranet.poc.com/sites/DiscoveryTool,N/A,N/A,pmtwebparttesttwo.wsp,654d950b-e4fa-454f-bd64-4fe3d3dc6148,,https://intranet.poc.com/,"PMTWebPartTestTwo, Version=1.0.0.0, Culture=neutral, PublicKeyToken=8e8a6d882667bbee",PMTWebPartTestTwo.TestWebPartOne.TestWebPartOne,,TestWebPartOne,PMTWebPartTestTwo.TestWebPartOne.TestWebPartOne,https://intranet.poc.com/sites/DiscoveryTool,left,0
Portal_Content_01,7dc545f5-1e25-48c9-bea2-98d81bf8fa8c,PMTWebPartTestTwo Feature1,TestWebPartOne\TestWebPartOne.webpart,"PMTWebPartTestTwo.TestWebPartOne.TestWebPartOne, PMTWebPartTestTwo, Version=1.0.0.0, Culture=neutral, PublicKeyToken=8e8a6d882667bbee",SitePages/MyPersonalizedPage.aspx,https://intranet.poc.com/sites/DiscoveryTool,N/A,N/A,pmtwebparttesttwo.wsp,ceafff8d-1b71-4315-9b86-14218f0c2e78,,https://intranet.poc.com/,"PMTWebPartTestTwo, Version=1.0.0.0, Culture=neutral, PublicKeyToken=8e8a6d882667bbee",PMTWebPartTestTwo.TestWebPartOne.TestWebPartOne,,TestWebPartOne,PMTWebPartTestTwo.TestWebPartOne.TestWebPartOne,https://intranet.poc.com/sites/DiscoveryTool,RightColumn,0
Portal_Content_01,7dc545f5-1e25-48c9-bea2-98d81bf8fa8c,PMTWebPartTestTwo Feature1,TestWebPartOne\TestWebPartOne.webpart,"PMTWebPartTestTwo.TestWebPartOne.TestWebPartOne, PMTWebPartTestTwo, Version=1.0.0.0, Culture=neutral, PublicKeyToken=8e8a6d882667bbee",SitePages/WebPartTrial.aspx,https://intranet.poc.com/sites/DiscoveryTool,N/A,N/A,pmtwebparttesttwo.wsp,30c8d081-7518-4cb5-b084-f8ca554ba085,,https://intranet.poc.com/,"PMTWebPartTestTwo, Version=1.0.0.0, Culture=neutral, PublicKeyToken=8e8a6d882667bbee",PMTWebPartTestTwo.TestWebPartOne.TestWebPartOne,g_448b4ad9_1d97_4c87_8c22_19eb22ecb367,TestWebPartOne,PMTWebPartTestTwo.TestWebPartOne.TestWebPartOne,https://intranet.poc.com/sites/DiscoveryTool,wpz,0
Portal_Content_01,75bd038f-1356-4aa8-b1c4-e923feac2c48,FTCVisualWebPart Feature1,VisualWebPart1\VisualWebPart1.webpart,"FTCVisualWebPart.VisualWebPart1.VisualWebPart1, FTCVisualWebPart, Version=1.0.0.0, Culture=neutral, PublicKeyToken=36e955e0dbb3bb8f",Pages/WebPartPageTesting.aspx,https://intranet.poc.com/sites/Publishing,N/A,N/A,ftcvisualwebpart.wsp,6e4e451d-8dc0-4ace-85bb-e01ad8583f53,,https://intranet.poc.com/,"FTCVisualWebPart, Version=1.0.0.0, Culture=neutral, PublicKeyToken=36e955e0dbb3bb8f",FTCVisualWebPart.VisualWebPart1.VisualWebPart1,,VisualWebPart1,FTCVisualWebPart.VisualWebPart1.VisualWebPart1,https://intranet.poc.com/sites/Publishing,CenterLeftColumn,0
Portal_Content_01,75bd038f-1356-4aa8-b1c4-e923feac2c48,FTCVisualWebPart Feature1,VisualWebPart1\VisualWebPart1.webpart,"FTCVisualWebPart.VisualWebPart1.VisualWebPart1, FTCVisualWebPart, Version=1.0.0.0, Culture=neutral, PublicKeyToken=36e955e0dbb3bb8f",Pages/WPTesting.aspx,https://intranet.poc.com/sites/Publishing,N/A,N/A,ftcvisualwebpart.wsp,9f185751-9140-4b76-a05a-5d952a53666c,,https://intranet.poc.com/,"FTCVisualWebPart, Version=1.0.0.0, Culture=neutral, PublicKeyToken=36e955e0dbb3bb8f",FTCVisualWebPart.VisualWebPart1.VisualWebPart1,,VisualWebPart1,FTCVisualWebPart.VisualWebPart1.VisualWebPart1,https://intranet.poc.com/sites/Publishing,LeftColumn,0
Portal_Content_01,75bd038f-1356-4aa8-b1c4-e923feac2c48,FTCVisualWebPart Feature1,VisualWebPart1\VisualWebPart1.webpart,"FTCVisualWebPart.VisualWebPart1.VisualWebPart1, FTCVisualWebPart, Version=1.0.0.0, Culture=neutral, PublicKeyToken=36e955e0dbb3bb8f",Pages/WebPartPageTesting.aspx,https://intranet.poc.com/sites/Publishing,N/A,N/A,ftcvisualwebpart.wsp,6e4e451d-8dc0-4ace-85bb-e01ad8583f53,,https://intranet.poc.com/,"FTCVisualWebPart, Version=1.0.0.0, Culture=neutral, PublicKeyToken=36e955e0dbb3bb8f",FTCVisualWebPart.VisualWebPart1.VisualWebPart1,,VisualWebPart1,FTCVisualWebPart.VisualWebPart1.VisualWebPart1,https://intranet.poc.com/sites/Publishing,LeftColumn,0
Portal_Content_01,3d1fc365-fdc7-4d94-92e2-3d85e95a2bee,PMTCustomWebPartTEstOne Feature1,PMTvisualWebPartTestOne\PMTvisualWebPartTestOne.webpart,"PMTCustomWebPartTEstOne.PMTvisualWebPartTestOne.PMTvisualWebPartTestOne, PMTCustomWebPartTEstOne, Version=1.0.0.0, Culture=neutral, PublicKeyToken=9779fdceccb54087",Pages/WebPartPageTesting.aspx,https://intranet.poc.com/sites/Publishing,N/A,N/A,pmtcustomwebparttestone.wsp,cf360c0a-a17a-4140-831f-b1a6325b6f72,,https://intranet.poc.com/,"PMTCustomWebPartTEstOne, Version=1.0.0.0, Culture=neutral, PublicKeyToken=9779fdceccb54087",PMTCustomWebPartTEstOne.PMTvisualWebPartTestOne.PMTvisualWebPartTestOne,,PMTvisualWebPartTestOne,PMTCustomWebPartTEstOne.PMTvisualWebPartTestOne.PMTvisualWebPartTestOne,https://intranet.poc.com/sites/Publishing,Header,0
Portal_Content_01,3d1fc365-fdc7-4d94-92e2-3d85e95a2bee,PMTCustomWebPartTEstOne Feature1,PMTvisualWebPartTestOne\PMTvisualWebPartTestOne.webpart,"PMTCustomWebPartTEstOne.PMTvisualWebPartTestOne.PMTvisualWebPartTestOne, PMTCustomWebPartTEstOne, Version=1.0.0.0, Culture=neutral, PublicKeyToken=9779fdceccb54087",Pages/WPTesting.aspx,https://intranet.poc.com/sites/Publishing,N/A,N/A,pmtcustomwebparttestone.wsp,7457c52c-c2a8-4c84-bf5f-b2bd6d8a8ba4,,https://intranet.poc.com/,"PMTCustomWebPartTEstOne, Version=1.0.0.0, Culture=neutral, PublicKeyToken=9779fdceccb54087",PMTCustomWebPartTEstOne.PMTvisualWebPartTestOne.PMTvisualWebPartTestOne,,PMTvisualWebPartTestOne,PMTCustomWebPartTEstOne.PMTvisualWebPartTestOne.PMTvisualWebPartTestOne,https://intranet.poc.com/sites/Publishing,Header,0
Portal_Content_01,3d1fc365-fdc7-4d94-92e2-3d85e95a2bee,PMTCustomWebPartTEstOne Feature1,PMTvisualWebPartTestOne\PMTvisualWebPartTestOne.webpart,"PMTCustomWebPartTEstOne.PMTvisualWebPartTestOne.PMTvisualWebPartTestOne, PMTCustomWebPartTEstOne, Version=1.0.0.0, Culture=neutral, PublicKeyToken=9779fdceccb54087",Pages/WebPartPageTesting.aspx,https://intranet.poc.com/sites/Publishing,N/A,N/A,pmtcustomwebparttestone.wsp,46fed243-445a-4a4b-923e-de77d9ac78dd,,https://intranet.poc.com/,"PMTCustomWebPartTEstOne, Version=1.0.0.0, Culture=neutral, PublicKeyToken=9779fdceccb54087",PMTCustomWebPartTEstOne.PMTvisualWebPartTestOne.PMTvisualWebPartTestOne,,PMTvisualWebPartTestOne,PMTCustomWebPartTEstOne.PMTvisualWebPartTestOne.PMTvisualWebPartTestOne,https://intranet.poc.com/sites/Publishing,RightColumn,0
Portal_Content_01,7dc545f5-1e25-48c9-bea2-98d81bf8fa8c,PMTWebPartTestTwo Feature1,TestWebPartOne\TestWebPartOne.webpart,"PMTWebPartTestTwo.TestWebPartOne.TestWebPartOne, PMTWebPartTestTwo, Version=1.0.0.0, Culture=neutral, PublicKeyToken=8e8a6d882667bbee",Pages/WPTesting.aspx,https://intranet.poc.com/sites/Publishing,N/A,N/A,pmtwebparttesttwo.wsp,183b2b88-51de-4f3f-b6dd-849a2fbaaf96,,https://intranet.poc.com/,"PMTWebPartTestTwo, Version=1.0.0.0, Culture=neutral, PublicKeyToken=8e8a6d882667bbee",PMTWebPartTestTwo.TestWebPartOne.TestWebPartOne,,TestWebPartOne,PMTWebPartTestTwo.TestWebPartOne.TestWebPartOne,https://intranet.poc.com/sites/Publishing,CenterLeftColumn,0
Portal_Content_01,7dc545f5-1e25-48c9-bea2-98d81bf8fa8c,PMTWebPartTestTwo Feature1,TestWebPartOne\TestWebPartOne.webpart,"PMTWebPartTestTwo.TestWebPartOne.TestWebPartOne, PMTWebPartTestTwo, Version=1.0.0.0, Culture=neutral, PublicKeyToken=8e8a6d882667bbee",Pages/WebPartPageTesting.aspx,https://intranet.poc.com/sites/Publishing,N/A,N/A,pmtwebparttesttwo.wsp,d3a6c636-8459-4407-8c25-1bcb9b257540,,https://intranet.poc.com/,"PMTWebPartTestTwo, Version=1.0.0.0, Culture=neutral, PublicKeyToken=8e8a6d882667bbee",PMTWebPartTestTwo.TestWebPartOne.TestWebPartOne,,TestWebPartOne,PMTWebPartTestTwo.TestWebPartOne.TestWebPartOne,https://intranet.poc.com/sites/Publishing,LeftColumn,0
Portal_Content_01,7dc545f5-1e25-48c9-bea2-98d81bf8fa8c,PMTWebPartTestTwo Feature1,TestWebPartOne\TestWebPartOne.webpart,"PMTWebPartTestTwo.TestWebPartOne.TestWebPartOne, PMTWebPartTestTwo, Version=1.0.0.0, Culture=neutral, PublicKeyToken=8e8a6d882667bbee",Pages/WebPartPageTesting.aspx,https://intranet.poc.com/sites/Publishing,N/A,N/A,pmtwebparttesttwo.wsp,d3a6c636-8459-4407-8c25-1bcb9b257540,,https://intranet.poc.com/,"PMTWebPartTestTwo, Version=1.0.0.0, Culture=neutral, PublicKeyToken=8e8a6d882667bbee",PMTWebPartTestTwo.TestWebPartOne.TestWebPartOne,,TestWebPartOne,PMTWebPartTestTwo.TestWebPartOne.TestWebPartOne,https://intranet.poc.com/sites/Publishing,TopRow,0
Portal_Content_01,7e2ab32f-6903-44b9-affc-8f31360bfbbb,Contoso.Intranet - Site Default Publishing,TeaserWebPart\TeaserWebPart.webpart,"Contoso.Intranet.SP.WebParts.TeaserWebPart.TeaserWebPart, Contoso.Intranet, Version=1.0.0.0, Culture=neutral, PublicKeyToken=f2aa8abe3fc008cb",Pages/TestWebPartIssue/TestingPageRelativeUrl.aspx,https://intranet.poc.com/sites/TestContosoPublishingSite,N/A,N/A,contoso.intranet.wsp,6bf1e630-ee9c-4a8d-9fd0-58f5e100d940,,https://intranet.poc.com/,"Contoso.Intranet, Version=1.0.0.0, Culture=neutral, PublicKeyToken=f2aa8abe3fc008cb",Contoso.Intranet.SP.WebParts.TeaserWebPart.TeaserWebPart,,TeaserWebPart,Contoso.Intranet.SP.WebParts.TeaserWebPart.TeaserWebPart,https://intranet.poc.com/sites/TestContosoPublishingSite,TopColumnZone,0
Portal_Content_01,7e2ab32f-6903-44b9-affc-8f31360bfbbb,Contoso.Intranet - Site Default Publishing,TeaserWebPart\TeaserWebPart.webpart,"Contoso.Intranet.SP.WebParts.TeaserWebPart.TeaserWebPart, Contoso.Intranet, Version=1.0.0.0, Culture=neutral, PublicKeyToken=f2aa8abe3fc008cb",Pages/default.aspx,https://intranet.poc.com/sites/DemoContosoPublishing,N/A,N/A,contoso.intranet.wsp,9d07ddb7-67aa-402c-8b0a-769022a338b5,,https://intranet.poc.com/,"Contoso.Intranet, Version=1.0.0.0, Culture=neutral, PublicKeyToken=f2aa8abe3fc008cb",Contoso.Intranet.SP.WebParts.TeaserWebPart.TeaserWebPart,,TeaserWebPart,Contoso.Intranet.SP.WebParts.TeaserWebPart.TeaserWebPart,https://intranet.poc.com/sites/DemoContosoPublishing,LeftColumnZone,0
Portal_Content_01,7e2ab32f-6903-44b9-affc-8f31360bfbbb,Contoso.Intranet - Site Default Publishing,TeaserWebPart\TeaserWebPart.webpart,"Contoso.Intranet.SP.WebParts.TeaserWebPart.TeaserWebPart, Contoso.Intranet, Version=1.0.0.0, Culture=neutral, PublicKeyToken=f2aa8abe3fc008cb",Pages/default.aspx,https://intranet.poc.com/sites/TestingUnghostingTool,N/A,N/A,contoso.intranet.wsp,1afd929a-97f8-46f4-9c67-aec97ec1bb05,,https://intranet.poc.com/,"Contoso.Intranet, Version=1.0.0.0, Culture=neutral, PublicKeyToken=f2aa8abe3fc008cb",Contoso.Intranet.SP.WebParts.TeaserWebPart.TeaserWebPart,,TeaserWebPart,Contoso.Intranet.SP.WebParts.TeaserWebPart.TeaserWebPart,https://intranet.poc.com/sites/TestingUnghostingTool,LeftColumnZone,0
Portal_Content_01,7e2ab32f-6903-44b9-affc-8f31360bfbbb,Contoso.Intranet - Site Default Publishing,WelcomeWebPart\WelcomeWebPart.webpart,"Contoso.Intranet.SP.WebParts.WelcomeWebPart.WelcomeWebPart, Contoso.Intranet, Version=1.0.0.0, Culture=neutral, PublicKeyToken=f2aa8abe3fc008cb",Pages/default.aspx,https://intranet.poc.com/sites/TestingUnghostingTool,N/A,N/A,contoso.intranet.wsp,03486255-5e53-470a-97c5-3a251dd12672,,https://intranet.poc.com/,"Contoso.Intranet, Version=1.0.0.0, Culture=neutral, PublicKeyToken=f2aa8abe3fc008cb",Contoso.Intranet.SP.WebParts.WelcomeWebPart.WelcomeWebPart,,WelcomeWebPart,Contoso.Intranet.SP.WebParts.WelcomeWebPart.WelcomeWebPart,https://intranet.poc.com/sites/TestingUnghostingTool,RightColumnZone,0
Portal_Content_01,7e2ab32f-6903-44b9-affc-8f31360bfbbb,Contoso.Intranet - Site Default Publishing,TeaserWebPart\TeaserWebPart.webpart,"Contoso.Intranet.SP.WebParts.TeaserWebPart.TeaserWebPart, Contoso.Intranet, Version=1.0.0.0, Culture=neutral, PublicKeyToken=f2aa8abe3fc008cb",Pages/default.aspx,https://intranet.poc.com/sites/TestcontosopublishingsiteForTransformationUnghostTools,N/A,N/A,contoso.intranet.wsp,74282860-63b9-405d-9cd6-c1a25bf598c4,,https://intranet.poc.com/,"Contoso.Intranet, Version=1.0.0.0, Culture=neutral, PublicKeyToken=f2aa8abe3fc008cb",Contoso.Intranet.SP.WebParts.TeaserWebPart.TeaserWebPart,,TeaserWebPart,Contoso.Intranet.SP.WebParts.TeaserWebPart.TeaserWebPart,https://intranet.poc.com/sites/TestcontosopublishingsiteForTransformationUnghostTools,LeftColumnZone,0
Portal_Content_01,7e2ab32f-6903-44b9-affc-8f31360bfbbb,Contoso.Intranet - Site Default Publishing,TeaserWebPart\TeaserWebPart.webpart,"Contoso.Intranet.SP.WebParts.TeaserWebPart.TeaserWebPart, Contoso.Intranet, Version=1.0.0.0, Culture=neutral, PublicKeyToken=f2aa8abe3fc008cb",Pages/default.aspx,https://intranet.poc.com/sites/GhostableContosoPublishingSite,N/A,N/A,contoso.intranet.wsp,7ecec9a4-d3b9-4e7d-91bb-7376e21463c9,,https://intranet.poc.com/,"Contoso.Intranet, Version=1.0.0.0, Culture=neutral, PublicKeyToken=f2aa8abe3fc008cb",Contoso.Intranet.SP.WebParts.TeaserWebPart.TeaserWebPart,,TeaserWebPart,Contoso.Intranet.SP.WebParts.TeaserWebPart.TeaserWebPart,https://intranet.poc.com/sites/GhostableContosoPublishingSite,LeftColumnZone,0
Portal_Content_01,7e2ab32f-6903-44b9-affc-8f31360bfbbb,Contoso.Intranet - Site Default Publishing,TeaserWebPart\TeaserWebPart.webpart,"Contoso.Intranet.SP.WebParts.TeaserWebPart.TeaserWebPart, Contoso.Intranet, Version=1.0.0.0, Culture=neutral, PublicKeyToken=f2aa8abe3fc008cb",Pages/default.aspx,https://intranet.poc.com/sites/SudhaContosoPublishingSite,N/A,N/A,contoso.intranet.wsp,651c76cc-cfed-48a3-bf41-03e435e83934,,https://intranet.poc.com/,"Contoso.Intranet, Version=1.0.0.0, Culture=neutral, PublicKeyToken=f2aa8abe3fc008cb",Contoso.Intranet.SP.WebParts.TeaserWebPart.TeaserWebPart,,TeaserWebPart,Contoso.Intranet.SP.WebParts.TeaserWebPart.TeaserWebPart,https://intranet.poc.com/sites/SudhaContosoPublishingSite,LeftColumnZone,0
Portal_Content_01,7e2ab32f-6903-44b9-affc-8f31360bfbbb,Contoso.Intranet - Site Default Publishing,TeaserWebPart\TeaserWebPart.webpart,"Contoso.Intranet.SP.WebParts.TeaserWebPart.TeaserWebPart, Contoso.Intranet, Version=1.0.0.0, Culture=neutral, PublicKeyToken=f2aa8abe3fc008cb",Pages/default.aspx,https://intranet.poc.com/,N/A,N/A,contoso.intranet.wsp,aab454fd-ee96-413c-ac1a-4f426f780abb,,https://intranet.poc.com/,"Contoso.Intranet, Version=1.0.0.0, Culture=neutral, PublicKeyToken=f2aa8abe3fc008cb",Contoso.Intranet.SP.WebParts.TeaserWebPart.TeaserWebPart,,TeaserWebPart,Contoso.Intranet.SP.WebParts.TeaserWebPart.TeaserWebPart,https://intranet.poc.com/,CenterLeftColumn,0
Portal_Content_01,3d1fc365-fdc7-4d94-92e2-3d85e95a2bee,PMTCustomWebPartTEstOne Feature1,PMTvisualWebPartTestOne\PMTvisualWebPartTestOne.webpart,"PMTCustomWebPartTEstOne.PMTvisualWebPartTestOne.PMTvisualWebPartTestOne, PMTCustomWebPartTEstOne, Version=1.0.0.0, Culture=neutral, PublicKeyToken=9779fdceccb54087",SitePages/WPTest.aspx,https://intranet.poc.com/sites/dd,N/A,N/A,pmtcustomwebparttestone.wsp,3c616efb-d8be-4274-99a6-5536c26d4f16,,https://intranet.poc.com/,"PMTCustomWebPartTEstOne, Version=1.0.0.0, Culture=neutral, PublicKeyToken=9779fdceccb54087",PMTCustomWebPartTEstOne.PMTvisualWebPartTestOne.PMTvisualWebPartTestOne,g_6dfce8d1_69e8_4d0f_a526_5939896bfdb7,PMTvisualWebPartTestOne,PMTCustomWebPartTEstOne.PMTvisualWebPartTestOne.PMTvisualWebPartTestOne,https://intranet.poc.com/sites/dd,wpz,0
Portal_Content_01,7dc545f5-1e25-48c9-bea2-98d81bf8fa8c,PMTWebPartTestTwo Feature1,TestWebPartOne\TestWebPartOne.webpart,"PMTWebPartTestTwo.TestWebPartOne.TestWebPartOne, PMTWebPartTestTwo, Version=1.0.0.0, Culture=neutral, PublicKeyToken=8e8a6d882667bbee",SitePages/CustomSite.aspx,https://intranet.poc.com/sites/dd,N/A,N/A,pmtwebparttesttwo.wsp,69633772-8524-48b0-b9dc-63bdae210dee,,https://intranet.poc.com/,"PMTWebPartTestTwo, Version=1.0.0.0, Culture=neutral, PublicKeyToken=8e8a6d882667bbee",PMTWebPartTestTwo.TestWebPartOne.TestWebPartOne,g_0399cdab_305b_4612_8e3d_9aa8cb94dfc9,TestWebPartOne,PMTWebPartTestTwo.TestWebPartOne.TestWebPartOne,https://intranet.poc.com/sites/dd,wpz,0
Portal_Content_01,3d1fc365-fdc7-4d94-92e2-3d85e95a2bee,PMTCustomWebPartTEstOne Feature1,PMTvisualWebPartTestOne\PMTvisualWebPartTestOne.webpart,"PMTCustomWebPartTEstOne.PMTvisualWebPartTestOne.PMTvisualWebPartTestOne, PMTCustomWebPartTEstOne, Version=1.0.0.0, Culture=neutral, PublicKeyToken=9779fdceccb54087",SitePages/MyPersonalizedPage.aspx,https://intranet.poc.com/sites/DiscoveryTool,N/A,N/A,pmtcustomwebparttestone.wsp,eb35edb9-92ae-45a1-80f7-0801f295d580,17,https://intranet.poc.com/,"PMTCustomWebPartTEstOne, Version=1.0.0.0, Culture=neutral, PublicKeyToken=9779fdceccb54087",PMTCustomWebPartTEstOne.PMTvisualWebPartTestOne.PMTvisualWebPartTestOne,,PMTvisualWebPartTestOne,PMTCustomWebPartTEstOne.PMTvisualWebPartTestOne.PMTvisualWebPartTestOne,https://intranet.poc.com/sites/DiscoveryTool,LeftColumn,1
Portal_Content_01,3d1fc365-fdc7-4d94-92e2-3d85e95a2bee,PMTCustomWebPartTEstOne Feature1,PMTvisualWebPartTestOne\PMTvisualWebPartTestOne.webpart,"PMTCustomWebPartTEstOne.PMTvisualWebPartTestOne.PMTvisualWebPartTestOne, PMTCustomWebPartTEstOne, Version=1.0.0.0, Culture=neutral, PublicKeyToken=9779fdceccb54087",SitePages/WebPartTrial.aspx,https://intranet.poc.com/sites/DiscoveryTool,N/A,N/A,pmtcustomwebparttestone.wsp,eef5c064-c968-43db-98e8-12176b5cf74d,,https://intranet.poc.com/,"PMTCustomWebPartTEstOne, Version=1.0.0.0, Culture=neutral, PublicKeyToken=9779fdceccb54087",PMTCustomWebPartTEstOne.PMTvisualWebPartTestOne.PMTvisualWebPartTestOne,g_ff57a457_ddc2_44f5_ad80_cc644be336d3,PMTvisualWebPartTestOne,PMTCustomWebPartTEstOne.PMTvisualWebPartTestOne.PMTvisualWebPartTestOne,https://intranet.poc.com/sites/DiscoveryTool,wpz,1
Portal_Content_01,7e2ab32f-6903-44b9-affc-8f31360bfbbb,Contoso.Intranet - Site Default Publishing,TeaserWebPart\TeaserWebPart.webpart,"Contoso.Intranet.SP.WebParts.TeaserWebPart.TeaserWebPart, Contoso.Intranet, Version=1.0.0.0, Culture=neutral, PublicKeyToken=f2aa8abe3fc008cb",Pages/home.aspx,https://intranet.poc.com/sites/TestContosoPublishingSite,N/A,N/A,contoso.intranet.wsp,aca0ddb2-4a0d-4927-adf9-60af18a4a4e4,,https://intranet.poc.com/,"Contoso.Intranet, Version=1.0.0.0, Culture=neutral, PublicKeyToken=f2aa8abe3fc008cb",Contoso.Intranet.SP.WebParts.TeaserWebPart.TeaserWebPart,g_9079b90e_6642_42fc_9c0d_2fcc3abcf370,TeaserWebPart,Contoso.Intranet.SP.WebParts.TeaserWebPart.TeaserWebPart,https://intranet.poc.com/sites/TestContosoPublishingSite/asdfasdf,wpz,1
Portal_Content_01,75bd038f-1356-4aa8-b1c4-e923feac2c48,FTCVisualWebPart Feature1,VisualWebPart1\VisualWebPart1.webpart,"FTCVisualWebPart.VisualWebPart1.VisualWebPart1, FTCVisualWebPart, Version=1.0.0.0, Culture=neutral, PublicKeyToken=36e955e0dbb3bb8f",Pages/CheckWebPart.aspx,https://intranet.poc.com/sites/Publishing,N/A,N/A,ftcvisualwebpart.wsp,4225bb0f-361c-4605-83d1-56511b486b64,,https://intranet.poc.com/,"FTCVisualWebPart, Version=1.0.0.0, Culture=neutral, PublicKeyToken=36e955e0dbb3bb8f",FTCVisualWebPart.VisualWebPart1.VisualWebPart1,g_b1f6c42e_9fbe_4f60_8515_be5b217eca1f,VisualWebPart1,FTCVisualWebPart.VisualWebPart1.VisualWebPart1,https://intranet.poc.com/sites/Publishing,wpz,4
Portal_Content_01,34726d5b-e047-49dd-a56f-64a59f824683,FTCMasterPageOne RashCustomMasterPage,FTCScanVW\FTCScanVW.webpart,"FTCMasterPageOne.FTCScanVW.FTCScanVW, FTCMasterPageOne, Version=1.0.0.0, Culture=neutral, PublicKeyToken=3c7a78719418f837",SitePages/WebPartTrial.aspx,https://intranet.poc.com/sites/DiscoveryTool,N/A,N/A,ftcmasterpageone.wsp,b6236eb3-71f5-49c5-a553-f6d3e0e93ee3,,https://intranet.poc.com/,"FTCMasterPageOne, Version=1.0.0.0, Culture=neutral, PublicKeyToken=3c7a78719418f837",FTCMasterPageOne.FTCScanVW.FTCScanVW,,FTCScanVW,FTCMasterPageOne.FTCScanVW.FTCScanVW,https://intranet.poc.com/sites/DiscoveryTool,left,6
Portal_Content_01,7dc545f5-1e25-48c9-bea2-98d81bf8fa8c,PMTWebPartTestTwo Feature1,TestWebPartOne\TestWebPartOne.webpart,"PMTWebPartTestTwo.TestWebPartOne.TestWebPartOne, PMTWebPartTestTwo, Version=1.0.0.0, Culture=neutral, PublicKeyToken=8e8a6d882667bbee",Pages/CheckWebPart.aspx,https://intranet.poc.com/sites/Publishing,N/A,N/A,pmtwebparttesttwo.wsp,6b61dac6-51e8-486f-9441-0acbfe35c351,,https://intranet.poc.com/,"PMTWebPartTestTwo, Version=1.0.0.0, Culture=neutral, PublicKeyToken=8e8a6d882667bbee",PMTWebPartTestTwo.TestWebPartOne.TestWebPartOne,g_cfe53ccf_1917_4c5d_90d9_1ce4612f09f8,TestWebPartOne,PMTWebPartTestTwo.TestWebPartOne.TestWebPartOne,https://intranet.poc.com/sites/Publishing,wpz,6
Portal_Content_01,3d1fc365-fdc7-4d94-92e2-3d85e95a2bee,PMTCustomWebPartTEstOne Feature1,PMTvisualWebPartTestOne\PMTvisualWebPartTestOne.webpart,"PMTCustomWebPartTEstOne.PMTvisualWebPartTestOne.PMTvisualWebPartTestOne, PMTCustomWebPartTEstOne, Version=1.0.0.0, Culture=neutral, PublicKeyToken=9779fdceccb54087",Pages/CheckWebPart.aspx,https://intranet.poc.com/sites/Publishing,N/A,N/A,pmtcustomwebparttestone.wsp,02f01c3f-3409-45e7-8a03-621299934907,,https://intranet.poc.com/,"PMTCustomWebPartTEstOne, Version=1.0.0.0, Culture=neutral, PublicKeyToken=9779fdceccb54087",PMTCustomWebPartTEstOne.PMTvisualWebPartTestOne.PMTvisualWebPartTestOne,g_da1c37dc_b046_4a2c_b07c_e0bf51d17d8b,PMTvisualWebPartTestOne,PMTCustomWebPartTEstOne.PMTvisualWebPartTestOne.PMTvisualWebPartTestOne,https://intranet.poc.com/sites/Publishing,wpz,8
Portal_Content_02,7e2ab32f-6903-44b9-affc-8f31360bfbbb,Contoso.Intranet - Site Default Publishing,WelcomeWebPart\WelcomeWebPart.webpart,"Contoso.Intranet.SP.WebParts.WelcomeWebPart.WelcomeWebPart, Contoso.Intranet, Version=1.0.0.0, Culture=neutral, PublicKeyToken=f2aa8abe3fc008cb",SitePages/WebPartPageTeamSite.aspx,https://intranet.poc.com/sites/WebPartTeamSite,N/A,N/A,contoso.intranet.wsp,6d3ac656-a0e3-491d-8111-9b90e2546d1a,1,https://intranet.poc.com/,"Contoso.Intranet, Version=1.0.0.0, Culture=neutral, PublicKeyToken=f2aa8abe3fc008cb",Contoso.Intranet.SP.WebParts.WelcomeWebPart.WelcomeWebPart,,WelcomeWebPart,Contoso.Intranet.SP.WebParts.WelcomeWebPart.WelcomeWebPart,https://intranet.poc.com/sites/WebPartTeamSite,Header,0
Portal_Content_02,75bd038f-1356-4aa8-b1c4-e923feac2c48,FTCVisualWebPart Feature1,VisualWebPart1\VisualWebPart1.webpart,"FTCVisualWebPart.VisualWebPart1.VisualWebPart1, FTCVisualWebPart, Version=1.0.0.0, Culture=neutral, PublicKeyToken=36e955e0dbb3bb8f",SitePages/WebPartPageTeamSite.aspx,https://intranet.poc.com/sites/WebPartTeamSite,N/A,N/A,ftcvisualwebpart.wsp,ebff0851-a663-4061-a344-f80a375c4a0e,11,https://intranet.poc.com/,"FTCVisualWebPart, Version=1.0.0.0, Culture=neutral, PublicKeyToken=36e955e0dbb3bb8f",FTCVisualWebPart.VisualWebPart1.VisualWebPart1,,VisualWebPart1,FTCVisualWebPart.VisualWebPart1.VisualWebPart1,https://intranet.poc.com/sites/WebPartTeamSite,Header,0
Portal_Content_02,7dc545f5-1e25-48c9-bea2-98d81bf8fa8c,PMTWebPartTestTwo Feature1,TestWebPartOne\TestWebPartOne.webpart,"PMTWebPartTestTwo.TestWebPartOne.TestWebPartOne, PMTWebPartTestTwo, Version=1.0.0.0, Culture=neutral, PublicKeyToken=8e8a6d882667bbee",SitePages/WebPartPageTeamSite.aspx,https://intranet.poc.com/sites/WebPartTeamSite,N/A,N/A,pmtwebparttesttwo.wsp,d576fe7b-eb38-4a3b-be21-5a1104415e1d,10,https://intranet.poc.com/,"PMTWebPartTestTwo, Version=1.0.0.0, Culture=neutral, PublicKeyToken=8e8a6d882667bbee",PMTWebPartTestTwo.TestWebPartOne.TestWebPartOne,,TestWebPartOne,PMTWebPartTestTwo.TestWebPartOne.TestWebPartOne,https://intranet.poc.com/sites/WebPartTeamSite,Header,0
Portal_Content_02,7e2ab32f-6903-44b9-affc-8f31360bfbbb,Contoso.Intranet - Site Default Publishing,TeaserWebPart\TeaserWebPart.webpart,"Contoso.Intranet.SP.WebParts.TeaserWebPart.TeaserWebPart, Contoso.Intranet, Version=1.0.0.0, Culture=neutral, PublicKeyToken=f2aa8abe3fc008cb",Pages/WebPartPagePubSite.aspx,https://intranet.poc.com/sites/WebPartPubSite,N/A,N/A,contoso.intranet.wsp,97ac3709-3647-4e52-8588-628c457e9713,1,https://intranet.poc.com/,"Contoso.Intranet, Version=1.0.0.0, Culture=neutral, PublicKeyToken=f2aa8abe3fc008cb",Contoso.Intranet.SP.WebParts.TeaserWebPart.TeaserWebPart,,TeaserWebPart,Contoso.Intranet.SP.WebParts.TeaserWebPart.TeaserWebPart,https://intranet.poc.com/sites/WebPartPubSite,Header,0
Portal_Content_02,7e2ab32f-6903-44b9-affc-8f31360bfbbb,Contoso.Intranet - Site Default Publishing,WelcomeWebPart\WelcomeWebPart.webpart,"Contoso.Intranet.SP.WebParts.WelcomeWebPart.WelcomeWebPart, Contoso.Intranet, Version=1.0.0.0, Culture=neutral, PublicKeyToken=f2aa8abe3fc008cb",Pages/WebPartPagePubSite.aspx,https://intranet.poc.com/sites/WebPartPubSite,N/A,N/A,contoso.intranet.wsp,9f5c13b2-8f9e-4bb9-91f2-b83465dc5d17,1,https://intranet.poc.com/,"Contoso.Intranet, Version=1.0.0.0, Culture=neutral, PublicKeyToken=f2aa8abe3fc008cb",Contoso.Intranet.SP.WebParts.WelcomeWebPart.WelcomeWebPart,,WelcomeWebPart,Contoso.Intranet.SP.WebParts.WelcomeWebPart.WelcomeWebPart,https://intranet.poc.com/sites/WebPartPubSite,MiddleColumn,0
Portal_Content_02,75bd038f-1356-4aa8-b1c4-e923feac2c48,FTCVisualWebPart Feature1,VisualWebPart1\VisualWebPart1.webpart,"FTCVisualWebPart.VisualWebPart1.VisualWebPart1, FTCVisualWebPart, Version=1.0.0.0, Culture=neutral, PublicKeyToken=36e955e0dbb3bb8f",Pages/WebPartPagePubSite.aspx,https://intranet.poc.com/sites/WebPartPubSite,N/A,N/A,ftcvisualwebpart.wsp,657478fa-a37d-4747-b6b7-2b46ae9c9459,19,https://intranet.poc.com/,"FTCVisualWebPart, Version=1.0.0.0, Culture=neutral, PublicKeyToken=36e955e0dbb3bb8f",FTCVisualWebPart.VisualWebPart1.VisualWebPart1,,VisualWebPart1,FTCVisualWebPart.VisualWebPart1.VisualWebPart1,https://intranet.poc.com/sites/WebPartPubSite,Header,0
Portal_Content_02,7e2ab32f-6903-44b9-affc-8f31360bfbbb,Contoso.Intranet - Site Default Publishing,TeaserWebPart\TeaserWebPart.webpart,"Contoso.Intranet.SP.WebParts.TeaserWebPart.TeaserWebPart, Contoso.Intranet, Version=1.0.0.0, Culture=neutral, PublicKeyToken=f2aa8abe3fc008cb",SitePages/WebPartPageTeamSite.aspx,https://intranet.poc.com/sites/WebPartTeamSite,N/A,N/A,contoso.intranet.wsp,f7101e62-ee9b-4f81-b774-c0ed44c99ac1,1,https://intranet.poc.com/,"Contoso.Intranet, Version=1.0.0.0, Culture=neutral, PublicKeyToken=f2aa8abe3fc008cb",Contoso.Intranet.SP.WebParts.TeaserWebPart.TeaserWebPart,,TeaserWebPart,Contoso.Intranet.SP.WebParts.TeaserWebPart.TeaserWebPart,https://intranet.poc.com/sites/WebPartTeamSite,Header,1
Portal_Content_02,75bd038f-1356-4aa8-b1c4-e923feac2c48,FTCVisualWebPart Feature1,VisualWebPart1\VisualWebPart1.webpart,"FTCVisualWebPart.VisualWebPart1.VisualWebPart1, FTCVisualWebPart, Version=1.0.0.0, Culture=neutral, PublicKeyToken=36e955e0dbb3bb8f",SitePages/WebPartPageTeamSite.aspx,https://intranet.poc.com/sites/WebPartTeamSite,N/A,N/A,ftcvisualwebpart.wsp,03fc6cb3-1876-466d-ac60-fd24008a737a,10,https://intranet.poc.com/,"FTCVisualWebPart, Version=1.0.0.0, Culture=neutral, PublicKeyToken=36e955e0dbb3bb8f",FTCVisualWebPart.VisualWebPart1.VisualWebPart1,,VisualWebPart1,FTCVisualWebPart.VisualWebPart1.VisualWebPart1,https://intranet.poc.com/sites/WebPartTeamSite,Header,1
Portal_Content_02,7dc545f5-1e25-48c9-bea2-98d81bf8fa8c,PMTWebPartTestTwo Feature1,TestWebPartOne\TestWebPartOne.webpart,"PMTWebPartTestTwo.TestWebPartOne.TestWebPartOne, PMTWebPartTestTwo, Version=1.0.0.0, Culture=neutral, PublicKeyToken=8e8a6d882667bbee",SitePages/WebPartPageTeamSite.aspx,https://intranet.poc.com/sites/WebPartTeamSite,N/A,N/A,pmtwebparttesttwo.wsp,8a410c5d-4958-420e-8902-4db18216113c,11,https://intranet.poc.com/,"PMTWebPartTestTwo, Version=1.0.0.0, Culture=neutral, PublicKeyToken=8e8a6d882667bbee",PMTWebPartTestTwo.TestWebPartOne.TestWebPartOne,,TestWebPartOne,PMTWebPartTestTwo.TestWebPartOne.TestWebPartOne,https://intranet.poc.com/sites/WebPartTeamSite,Header,1
Portal_Content_02,3d1fc365-fdc7-4d94-92e2-3d85e95a2bee,PMTCustomWebPartTEstOne Feature1,PMTvisualWebPartTestOne\PMTvisualWebPartTestOne.webpart,"PMTCustomWebPartTEstOne.PMTvisualWebPartTestOne.PMTvisualWebPartTestOne, PMTCustomWebPartTEstOne, Version=1.0.0.0, Culture=neutral, PublicKeyToken=9779fdceccb54087",Pages/WebPartPagePubSite.aspx,https://intranet.poc.com/sites/WebPartPubSite,N/A,N/A,pmtcustomwebparttestone.wsp,54c5f46a-94c8-4396-bb2f-2a518d657b33,19,https://intranet.poc.com/,"PMTCustomWebPartTEstOne, Version=1.0.0.0, Culture=neutral, PublicKeyToken=9779fdceccb54087",PMTCustomWebPartTEstOne.PMTvisualWebPartTestOne.PMTvisualWebPartTestOne,,PMTvisualWebPartTestOne,PMTCustomWebPartTEstOne.PMTvisualWebPartTestOne.PMTvisualWebPartTestOne,https://intranet.poc.com/sites/WebPartPubSite,Header,1
Portal_Content_02,7e2ab32f-6903-44b9-affc-8f31360bfbbb,Contoso.Intranet - Site Default Publishing,TeaserWebPart\TeaserWebPart.webpart,"Contoso.Intranet.SP.WebParts.TeaserWebPart.TeaserWebPart, Contoso.Intranet, Version=1.0.0.0, Culture=neutral, PublicKeyToken=f2aa8abe3fc008cb",SitePages/Home.aspx,https://intranet.poc.com/sites/WebPartTeamSite,N/A,N/A,contoso.intranet.wsp,b8400303-72ff-4793-8e90-867ef6c4746b,,https://intranet.poc.com/,"Contoso.Intranet, Version=1.0.0.0, Culture=neutral, PublicKeyToken=f2aa8abe3fc008cb",Contoso.Intranet.SP.WebParts.TeaserWebPart.TeaserWebPart,g_9506f3e7_162a_4b2a_a879_638e6e33cc30,TeaserWebPart,Contoso.Intranet.SP.WebParts.TeaserWebPart.TeaserWebPart,https://intranet.poc.com/sites/WebPartTeamSite,wpz,2
Team_Content_01,e9a3cac0-d2eb-4ff5-b2dd-bf7d0dc42c51,FTCWebPart Feature1,VisualWebPart1\VisualWebPart1.webpart,"FTCWebPart.VisualWebPart1.VisualWebPart1, FTCWebPart, Version=1.0.0.0, Culture=neutral, PublicKeyToken=0ccc2e5f8952252a",Lists/CheckListOne/NewForm.aspx,https://teams.poc.com/sites/DTTesting,N/A,N/A,ftcwebpart.wsp,cab8a19c-f7c5-4a03-bab8-d7f4e79f5e77,,https://teams.poc.com/,"FTCWebPart, Version=1.0.0.0, Culture=neutral, PublicKeyToken=0ccc2e5f8952252a",FTCWebPart.VisualWebPart1.VisualWebPart1,,VisualWebPart1,FTCWebPart.VisualWebPart1.VisualWebPart1,https://teams.poc.com/sites/DTTesting,Main,0
Team_Content_01,7dc545f5-1e25-48c9-bea2-98d81bf8fa8c,PMTWebPartTestTwo Feature1,TestWebPartOne\TestWebPartOne.webpart,"PMTWebPartTestTwo.TestWebPartOne.TestWebPartOne, PMTWebPartTestTwo, Version=1.0.0.0, Culture=neutral, PublicKeyToken=8e8a6d882667bbee",Pages/WebPartCheck.aspx,https://teams.poc.com/sites/PMTTestPSONE,N/A,N/A,pmtwebparttesttwo.wsp,642c9cc5-6620-4371-b1eb-9d193ad5cb4b,,https://teams.poc.com/,"PMTWebPartTestTwo, Version=1.0.0.0, Culture=neutral, PublicKeyToken=8e8a6d882667bbee",PMTWebPartTestTwo.TestWebPartOne.TestWebPartOne,g_54b1ae6f_4b44_4ab4_996a_75a54fe7854c,TestWebPartOne,PMTWebPartTestTwo.TestWebPartOne.TestWebPartOne,https://teams.poc.com/sites/PMTTestPSONE/PSONESubSite,wpz,0
Team_Content_01,3d1fc365-fdc7-4d94-92e2-3d85e95a2bee,PMTCustomWebPartTEstOne Feature1,PMTvisualWebPartTestOne\PMTvisualWebPartTestOne.webpart,"PMTCustomWebPartTEstOne.PMTvisualWebPartTestOne.PMTvisualWebPartTestOne, PMTCustomWebPartTEstOne, Version=1.0.0.0, Culture=neutral, PublicKeyToken=9779fdceccb54087",Pages/RaTiPage.aspx,https://teams.poc.com/sites/RashTeamSiteOne,N/A,N/A,pmtcustomwebparttestone.wsp,557782f0-3aae-465e-a0f9-70d4a829676c,,https://teams.poc.com/,"PMTCustomWebPartTEstOne, Version=1.0.0.0, Culture=neutral, PublicKeyToken=9779fdceccb54087",PMTCustomWebPartTEstOne.PMTvisualWebPartTestOne.PMTvisualWebPartTestOne,,PMTvisualWebPartTestOne,PMTCustomWebPartTEstOne.PMTvisualWebPartTestOne.PMTvisualWebPartTestOne,https://teams.poc.com/sites/RashTeamSiteOne,Row2,0
Team_Content_01,3d1fc365-fdc7-4d94-92e2-3d85e95a2bee,PMTCustomWebPartTEstOne Feature1,PMTvisualWebPartTestOne\PMTvisualWebPartTestOne.webpart,"PMTCustomWebPartTEstOne.PMTvisualWebPartTestOne.PMTvisualWebPartTestOne, PMTCustomWebPartTEstOne, Version=1.0.0.0, Culture=neutral, PublicKeyToken=9779fdceccb54087",SitePages/Home.aspx,https://teams.poc.com/sites/RashTeamSiteOne,N/A,N/A,pmtcustomwebparttestone.wsp,36284774-42b7-4dd1-b110-190dfd27d44e,,https://teams.poc.com/,"PMTCustomWebPartTEstOne, Version=1.0.0.0, Culture=neutral, PublicKeyToken=9779fdceccb54087",PMTCustomWebPartTEstOne.PMTvisualWebPartTestOne.PMTvisualWebPartTestOne,g_c0cf5e20_96af_46fe_bb01_edc0a5e6643f,PMTvisualWebPartTestOne,PMTCustomWebPartTEstOne.PMTvisualWebPartTestOne.PMTvisualWebPartTestOne,https://teams.poc.com/sites/RashTeamSiteOne/PMTTEstSubSiteONe,wpz,0
Team_Content_01,1cd50f86-e87a-4cd3-ae5f-5304925e5557,TestSiteDefinitionOne Feature1,SiteDefinitionVisualWebPart\SiteDefinitionVisualWebPart.webpart,"TestSiteDefinitionOne.SiteDefinitionVisualWebPart, TestSiteDefinitionOne, Version=1.0.0.0, Culture=neutral, PublicKeyToken=6d3d6daa51f84280",Pages/RaTiPage.aspx,https://teams.poc.com/sites/RashTeamSiteOne,N/A,N/A,testsitedefinitionone.wsp,7f016b44-1713-432b-b410-a3e24d25a451,,https://teams.poc.com/,"TestSiteDefinitionOne, Version=1.0.0.0, Culture=neutral, PublicKeyToken=6d3d6daa51f84280",TestSiteDefinitionOne.SiteDefinitionVisualWebPart,,SiteDefinitionVisualWebPart,TestSiteDefinitionOne.SiteDefinitionVisualWebPart,https://teams.poc.com/sites/RashTeamSiteOne,Header,0
Team_Content_01,75bd038f-1356-4aa8-b1c4-e923feac2c48,FTCVisualWebPart Feature1,VisualWebPart1\VisualWebPart1.webpart,"FTCVisualWebPart.VisualWebPart1.VisualWebPart1, FTCVisualWebPart, Version=1.0.0.0, Culture=neutral, PublicKeyToken=36e955e0dbb3bb8f",SitePages/wikipageone.aspx,https://teams.poc.com/sites/deletesiteteamsite,N/A,N/A,ftcvisualwebpart.wsp,b88b3de8-6329-4aac-ac1d-433005aadfaf,,https://teams.poc.com/,"FTCVisualWebPart, Version=1.0.0.0, Culture=neutral, PublicKeyToken=36e955e0dbb3bb8f",FTCVisualWebPart.VisualWebPart1.VisualWebPart1,g_0d1612ad_dfce_4b06_b285_36ac98ee441c,VisualWebPart1,FTCVisualWebPart.VisualWebPart1.VisualWebPart1,https://teams.poc.com/sites/deletesiteteamsite,wpz,0
Team_Content_01,c5cef19b-c93d-4b04-b0f1-905e275195f8,myvwebpart Feature1,myvisualwp\myvisualwp.webpart,"myvwebpart.myvisualwp.myvisualwp, myvwebpart, Version=1.0.0.0, Culture=neutral, PublicKeyToken=5aae0d2e30048323",Lists/CheckListOne/NewForm.aspx,https://teams.poc.com/sites/DTTesting,N/A,N/A,myvwebpart.wsp,10940b7c-910b-4e7c-a3ca-ce34dcb00a1e,,https://teams.poc.com/,"myvwebpart, Version=1.0.0.0, Culture=neutral, PublicKeyToken=5aae0d2e30048323",myvwebpart.myvisualwp.myvisualwp,,myvisualwp,myvwebpart.myvisualwp.myvisualwp,https://teams.poc.com/sites/DTTesting,Main,2
Team_Content_01,3d1fc365-fdc7-4d94-92e2-3d85e95a2bee,PMTCustomWebPartTEstOne Feature1,PMTvisualWebPartTestOne\PMTvisualWebPartTestOne.webpart,"PMTCustomWebPartTEstOne.PMTvisualWebPartTestOne.PMTvisualWebPartTestOne, PMTCustomWebPartTEstOne, Version=1.0.0.0, Culture=neutral, PublicKeyToken=9779fdceccb54087",Pages/MyTestPage.aspx,https://teams.poc.com/sites/RashTeamSiteOne,N/A,N/A,pmtcustomwebparttestone.wsp,465baeb5-35a9-4c18-8342-39a896fb8f7d,,https://teams.poc.com/,"PMTCustomWebPartTEstOne, Version=1.0.0.0, Culture=neutral, PublicKeyToken=9779fdceccb54087",PMTCustomWebPartTEstOne.PMTvisualWebPartTestOne.PMTvisualWebPartTestOne,g_81076456_c291_4375_9a03_70f354f4990f,PMTvisualWebPartTestOne,PMTCustomWebPartTEstOne.PMTvisualWebPartTestOne.PMTvisualWebPartTestOne,https://teams.poc.com/sites/RashTeamSiteOne,wpz,2
Team_Content_01,d29834fe-8640-4b25-8bbf-c03d841886cb,OrphanWebPartFTC Feature1,OrphanWebpart\OrphanWebpart.webpart,"OrphanWebPartFTC.OrphanWebpart.OrphanWebpart, OrphanWebPartFTC, Version=1.0.0.0, Culture=neutral, PublicKeyToken=589e710d8c9ed0bd",SitePages/Home.aspx,https://teams.poc.com/sites/RashTeamSiteOne,N/A,N/A,orphanwebpartftc.wsp,c81a0807-cd76-4900-9390-c6bc0eaf48c7,,https://teams.poc.com/,"OrphanWebPartFTC, Version=1.0.0.0, Culture=neutral, PublicKeyToken=589e710d8c9ed0bd",OrphanWebPartFTC.OrphanWebpart.OrphanWebpart,g_c61593db_d8eb_45ba_9d90_244f29bcb62c,OrphanWebpart,OrphanWebPartFTC.OrphanWebpart.OrphanWebpart,https://teams.poc.com/sites/RashTeamSiteOne,wpz,4
Team_Content_01,3d1fc365-fdc7-4d94-92e2-3d85e95a2bee,PMTCustomWebPartTEstOne Feature1,PMTvisualWebPartTestOne\PMTvisualWebPartTestOne.webpart,"PMTCustomWebPartTEstOne.PMTvisualWebPartTestOne.PMTvisualWebPartTestOne, PMTCustomWebPartTEstOne, Version=1.0.0.0, Culture=neutral, PublicKeyToken=9779fdceccb54087",Pages/MyTestPage.aspx,https://teams.poc.com/sites/RashTeamSiteOne,N/A,N/A,pmtcustomwebparttestone.wsp,465baeb5-35a9-4c18-8342-39a896fb8f7d,,https://teams.poc.com/,"PMTCustomWebPartTEstOne, Version=1.0.0.0, Culture=neutral, PublicKeyToken=9779fdceccb54087",PMTCustomWebPartTEstOne.PMTvisualWebPartTestOne.PMTvisualWebPartTestOne,g_81076456_c291_4375_9a03_70f354f4990f,PMTvisualWebPartTestOne,PMTCustomWebPartTEstOne.PMTvisualWebPartTestOne.PMTvisualWebPartTestOne,https://teams.poc.com/sites/RashTeamSiteOne,wpz,6
Team_Content_01,39321814-1222-4f9b-833a-8d67d06773cc,TestWP Feature1,vwp\vwp.webpart,"TestWP.vwp.vwp, TestWP, Version=1.0.0.0, Culture=neutral, PublicKeyToken=45878550916944db",SitePages/Home.aspx,https://teams.poc.com/sites/RashTeamSiteOne,N/A,N/A,testwp.wsp,d6e8f458-fab8-4fcc-a57d-68ef952d9138,,https://teams.poc.com/,"TestWP, Version=1.0.0.0, Culture=neutral, PublicKeyToken=45878550916944db",TestWP.vwp.vwp,g_911476a7_df05_473e_981e_f8ae5a2b67d7,vwp,TestWP.vwp.vwp,https://teams.poc.com/sites/RashTeamSiteOne,wpz,6
