ContentDatabase,FeatureId,FeatureTitle,Scope,SiteCollection,SolutionName,Source,UpgradeStatus,WebApplication,WebUrl
PPE_AppsManagementSite_content_01,7435ae5c-91b5-4f0e-8c96-de5e77207e9c,Contoso.ContentType Test Blank,WebApplication,N/A,contoso.contenttype.wsp,Features.csv,N/A,http://001d-cam-tap01:8899/,N/A
PPE_AppsManagementSite_content_01,96967f04-bb8f-45b9-8bb0-62d079022346,GPUserAddedWPScope_GPUserAddedWPScope,WebApplication,N/A,gpuseraddedwpscope.wsp,Features.csv,N/A,http://001d-cam-tap01:8899/,N/A
N/A,1a3caacd-0de3-409e-8f97-f744384aa474,Shell.SharePoint.SAEF_CustomActions,Farm,N/A,shell.sharepoint.saef_v2.1.wsp,Features.csv,N/A,N/A,N/A
WSS_Content_8160bd384e4949999db4c543b247d74c,7435ae5c-91b5-4f0e-8c96-de5e77207e9c,Contoso.ContentType Test Blank,WebApplication,N/A,contoso.contenttype.wsp,Features.csv,N/A,https://dummy.poc.com/,N/A
WSS_Content_8160bd384e4949999db4c543b247d74c,96967f04-bb8f-45b9-8bb0-62d079022346,GPUserAddedWPScope_GPUserAddedWPScope,WebApplication,N/A,gpuseraddedwpscope.wsp,Features.csv,N/A,https://dummy.poc.com/,N/A
Portal_Content_01,a2428e6d-8fbc-428d-8abb-6332cc5c4d3c,AnubhavContentTypeER Feature1,Site,https://intranet.poc.com/sites/AnubhavTeamSiteTest,anubhavcontenttypeer.wsp,Features.csv,False,https://intranet.poc.com/,N/A
Portal_Content_01,f0f9a242-5c29-4750-8f7a-c11d00635c33,Anubhav_SiteColumns Feature1,Site,https://intranet.poc.com/sites/Anubhav_4Feb_2016_1,anubhav_sitecolumns.wsp,Features.csv,False,https://intranet.poc.com/,N/A
Portal_Content_01,f0f9a242-5c29-4750-8f7a-c11d00635c33,Anubhav_SiteColumns Feature1,Site,https://intranet.poc.com/sites/Anubhav_4Feb_2016_2,anubhav_sitecolumns.wsp,Features.csv,False,https://intranet.poc.com/,N/A
Portal_Content_01,d06ecf20-81b5-4964-a182-f2b2dcd14573,Publishing Site Configuration,Web,https://intranet.poc.com/sites/TMaster2publishing,aviva.oneintranet.solution.web.wsp,Features.csv,False,https://intranet.poc.com/,https://intranet.poc.com/sites/TMaster2publishing
Portal_Content_01,49852445-63d9-4b9b-9652-708445f80ed5,Aviva Remote Content Query Web Part,Site,https://intranet.poc.com/sites/TestContosoPublishingSite,aviva.oneintranet.solution.web.wsp,Features.csv,False,https://intranet.poc.com/,N/A
Portal_Content_01,828a6edd-0ae3-415e-b4dc-c315635fe74d,Swap master page,Web,https://intranet.poc.com/sites/TestContosoPublishingSite,aviva.oneintranet.solution.web.wsp,Features.csv,False,https://intranet.poc.com/,https://intranet.poc.com/sites/TestContosoPublishingSite/WebPart-AppPart
Portal_Content_01,828a6edd-0ae3-415e-b4dc-c315635fe74d,Swap master page,Web,https://intranet.poc.com/sites/TestContosoTeamSite,aviva.oneintranet.solution.web.wsp,Features.csv,False,https://intranet.poc.com/,https://intranet.poc.com/sites/TestContosoTeamSite/WebPart-AppPart
Portal_Content_01,828a6edd-0ae3-415e-b4dc-c315635fe74d,Swap master page,Web,https://intranet.poc.com/sites/TestSearch,aviva.oneintranet.solution.web.wsp,Features.csv,False,https://intranet.poc.com/,https://intranet.poc.com/sites/TestSearch
Portal_Content_01,828a6edd-0ae3-415e-b4dc-c315635fe74d,Swap master page,Web,https://intranet.poc.com/sites/VK113055,aviva.oneintranet.solution.web.wsp,Features.csv,False,https://intranet.poc.com/,https://intranet.poc.com/sites/VK113055
Portal_Content_01,828a6edd-0ae3-415e-b4dc-c315635fe74d,Swap master page,Web,https://intranet.poc.com/sites/TestContosoPublishingSite,aviva.oneintranet.solution.web.wsp,Features.csv,False,https://intranet.poc.com/,https://intranet.poc.com/sites/TestContosoPublishingSite/childSite
Portal_Content_01,828a6edd-0ae3-415e-b4dc-c315635fe74d,Swap master page,Web,https://intranet.poc.com/sites/TestContosoTeamSite,aviva.oneintranet.solution.web.wsp,Features.csv,False,https://intranet.poc.com/,https://intranet.poc.com/sites/TestContosoTeamSite/ChildSite
Portal_Content_01,828a6edd-0ae3-415e-b4dc-c315635fe74d,Swap master page,Web,https://intranet.poc.com/sites/TestContosoPublishingSite,aviva.oneintranet.solution.web.wsp,Features.csv,False,https://intranet.poc.com/,https://intranet.poc.com/sites/TestContosoPublishingSite/SubSite
Portal_Content_01,828a6edd-0ae3-415e-b4dc-c315635fe74d,Swap master page,Web,https://intranet.poc.com/sites/Test1,aviva.oneintranet.solution.web.wsp,Features.csv,False,https://intranet.poc.com/,https://intranet.poc.com/sites/Test1
Portal_Content_01,828a6edd-0ae3-415e-b4dc-c315635fe74d,Swap master page,Web,https://intranet.poc.com/sites/Test2,aviva.oneintranet.solution.web.wsp,Features.csv,False,https://intranet.poc.com/,https://intranet.poc.com/sites/Test2
Portal_Content_01,828a6edd-0ae3-415e-b4dc-c315635fe74d,Swap master page,Web,https://intranet.poc.com/sites/dev2,aviva.oneintranet.solution.web.wsp,Features.csv,False,https://intranet.poc.com/,https://intranet.poc.com/sites/dev2
Portal_Content_01,828a6edd-0ae3-415e-b4dc-c315635fe74d,Swap master page,Web,https://intranet.poc.com/sites/testv,aviva.oneintranet.solution.web.wsp,Features.csv,False,https://intranet.poc.com/,https://intranet.poc.com/sites/testv
Portal_Content_01,828a6edd-0ae3-415e-b4dc-c315635fe74d,Swap master page,Web,https://intranet.poc.com/sites/ListFormDemos,aviva.oneintranet.solution.web.wsp,Features.csv,False,https://intranet.poc.com/,https://intranet.poc.com/sites/ListFormDemos
Portal_Content_01,828a6edd-0ae3-415e-b4dc-c315635fe74d,Swap master page,Web,https://intranet.poc.com/sites/ListFormDemo,aviva.oneintranet.solution.web.wsp,Features.csv,False,https://intranet.poc.com/,https://intranet.poc.com/sites/ListFormDemo
Portal_Content_01,828a6edd-0ae3-415e-b4dc-c315635fe74d,Swap master page,Web,https://intranet.poc.com/sites/ListForm,aviva.oneintranet.solution.web.wsp,Features.csv,False,https://intranet.poc.com/,https://intranet.poc.com/sites/ListForm
Portal_Content_01,828a6edd-0ae3-415e-b4dc-c315635fe74d,Swap master page,Web,https://intranet.poc.com/sites/ListTask,aviva.oneintranet.solution.web.wsp,Features.csv,False,https://intranet.poc.com/,https://intranet.poc.com/sites/ListTask
Portal_Content_01,828a6edd-0ae3-415e-b4dc-c315635fe74d,Swap master page,Web,https://intranet.poc.com/sites/TestContosoPublishingSite,aviva.oneintranet.solution.web.wsp,Features.csv,False,https://intranet.poc.com/,https://intranet.poc.com/sites/TestContosoPublishingSite/DefaultSUBWiki
Portal_Content_01,828a6edd-0ae3-415e-b4dc-c315635fe74d,Swap master page,Web,https://intranet.poc.com/sites/TestContosoTeamSite,aviva.oneintranet.solution.web.wsp,Features.csv,False,https://intranet.poc.com/,https://intranet.poc.com/sites/TestContosoTeamSite/TeamC1
Portal_Content_01,828a6edd-0ae3-415e-b4dc-c315635fe74d,Swap master page,Web,https://intranet.poc.com/sites/AmasterpageTest,aviva.oneintranet.solution.web.wsp,Features.csv,False,https://intranet.poc.com/,https://intranet.poc.com/sites/AmasterpageTest
Portal_Content_01,828a6edd-0ae3-415e-b4dc-c315635fe74d,Swap master page,Web,https://intranet.poc.com/sites/TMaster2publishing,aviva.oneintranet.solution.web.wsp,Features.csv,False,https://intranet.poc.com/,https://intranet.poc.com/sites/TMaster2publishing
Portal_Content_01,ebd86520-ddcb-45cf-bd73-dc8c5b7be022,Aviva Search Site Configuration,Web,https://intranet.poc.com/sites/TestSearch,aviva.oneintranet.solution.web.wsp,Features.csv,False,https://intranet.poc.com/,https://intranet.poc.com/sites/TestSearch
Portal_Content_01,86ee9185-85b6-4dbd-960c-5cac92850092,Aviva Video Web Part,Site,https://intranet.poc.com/sites/TestSearch,aviva.oneintranet.solution.web.wsp,Features.csv,False,https://intranet.poc.com/,N/A
Portal_Content_01,86ee9185-85b6-4dbd-960c-5cac92850092,Aviva Video Web Part,Site,https://intranet.poc.com/sites/VK113055,aviva.oneintranet.solution.web.wsp,Features.csv,False,https://intranet.poc.com/,N/A
Portal_Content_01,86ee9185-85b6-4dbd-960c-5cac92850092,Aviva Video Web Part,Site,https://intranet.poc.com/sites/Test1,aviva.oneintranet.solution.web.wsp,Features.csv,False,https://intranet.poc.com/,N/A
Portal_Content_01,86ee9185-85b6-4dbd-960c-5cac92850092,Aviva Video Web Part,Site,https://intranet.poc.com/sites/Test2,aviva.oneintranet.solution.web.wsp,Features.csv,False,https://intranet.poc.com/,N/A
Portal_Content_01,86ee9185-85b6-4dbd-960c-5cac92850092,Aviva Video Web Part,Site,https://intranet.poc.com/sites/dev2,aviva.oneintranet.solution.web.wsp,Features.csv,False,https://intranet.poc.com/,N/A
Portal_Content_01,86ee9185-85b6-4dbd-960c-5cac92850092,Aviva Video Web Part,Site,https://intranet.poc.com/sites/testv,aviva.oneintranet.solution.web.wsp,Features.csv,False,https://intranet.poc.com/,N/A
Portal_Content_01,86ee9185-85b6-4dbd-960c-5cac92850092,Aviva Video Web Part,Site,https://intranet.poc.com/sites/ListFormDemos,aviva.oneintranet.solution.web.wsp,Features.csv,False,https://intranet.poc.com/,N/A
Portal_Content_01,86ee9185-85b6-4dbd-960c-5cac92850092,Aviva Video Web Part,Site,https://intranet.poc.com/sites/ListFormDemo,aviva.oneintranet.solution.web.wsp,Features.csv,False,https://intranet.poc.com/,N/A
Portal_Content_01,86ee9185-85b6-4dbd-960c-5cac92850092,Aviva Video Web Part,Site,https://intranet.poc.com/sites/ListForm,aviva.oneintranet.solution.web.wsp,Features.csv,False,https://intranet.poc.com/,N/A
Portal_Content_01,86ee9185-85b6-4dbd-960c-5cac92850092,Aviva Video Web Part,Site,https://intranet.poc.com/sites/ListTask,aviva.oneintranet.solution.web.wsp,Features.csv,False,https://intranet.poc.com/,N/A
Portal_Content_01,86ee9185-85b6-4dbd-960c-5cac92850092,Aviva Video Web Part,Site,https://intranet.poc.com/sites/AmasterpageTest,aviva.oneintranet.solution.web.wsp,Features.csv,False,https://intranet.poc.com/,N/A
Portal_Content_01,86ee9185-85b6-4dbd-960c-5cac92850092,Aviva Video Web Part,Site,https://intranet.poc.com/sites/TMaster2publishing,aviva.oneintranet.solution.web.wsp,Features.csv,False,https://intranet.poc.com/,N/A
Portal_Content_01,073c4e60-6d38-42a7-83fe-c27a230a3747,Aviva Video Ribbon,Site,https://intranet.poc.com/sites/TestSearch,aviva.oneintranet.solution.web.wsp,Features.csv,False,https://intranet.poc.com/,N/A
Portal_Content_01,073c4e60-6d38-42a7-83fe-c27a230a3747,Aviva Video Ribbon,Site,https://intranet.poc.com/sites/VK113055,aviva.oneintranet.solution.web.wsp,Features.csv,False,https://intranet.poc.com/,N/A
Portal_Content_01,073c4e60-6d38-42a7-83fe-c27a230a3747,Aviva Video Ribbon,Site,https://intranet.poc.com/sites/Test1,aviva.oneintranet.solution.web.wsp,Features.csv,False,https://intranet.poc.com/,N/A
Portal_Content_01,073c4e60-6d38-42a7-83fe-c27a230a3747,Aviva Video Ribbon,Site,https://intranet.poc.com/sites/Test2,aviva.oneintranet.solution.web.wsp,Features.csv,False,https://intranet.poc.com/,N/A
Portal_Content_01,073c4e60-6d38-42a7-83fe-c27a230a3747,Aviva Video Ribbon,Site,https://intranet.poc.com/sites/dev2,aviva.oneintranet.solution.web.wsp,Features.csv,False,https://intranet.poc.com/,N/A
Portal_Content_01,073c4e60-6d38-42a7-83fe-c27a230a3747,Aviva Video Ribbon,Site,https://intranet.poc.com/sites/testv,aviva.oneintranet.solution.web.wsp,Features.csv,False,https://intranet.poc.com/,N/A
Portal_Content_01,073c4e60-6d38-42a7-83fe-c27a230a3747,Aviva Video Ribbon,Site,https://intranet.poc.com/sites/ListFormDemos,aviva.oneintranet.solution.web.wsp,Features.csv,False,https://intranet.poc.com/,N/A
Portal_Content_01,073c4e60-6d38-42a7-83fe-c27a230a3747,Aviva Video Ribbon,Site,https://intranet.poc.com/sites/ListFormDemo,aviva.oneintranet.solution.web.wsp,Features.csv,False,https://intranet.poc.com/,N/A
Portal_Content_01,073c4e60-6d38-42a7-83fe-c27a230a3747,Aviva Video Ribbon,Site,https://intranet.poc.com/sites/ListForm,aviva.oneintranet.solution.web.wsp,Features.csv,False,https://intranet.poc.com/,N/A
Portal_Content_01,073c4e60-6d38-42a7-83fe-c27a230a3747,Aviva Video Ribbon,Site,https://intranet.poc.com/sites/ListTask,aviva.oneintranet.solution.web.wsp,Features.csv,False,https://intranet.poc.com/,N/A
Portal_Content_01,073c4e60-6d38-42a7-83fe-c27a230a3747,Aviva Video Ribbon,Site,https://intranet.poc.com/sites/AmasterpageTest,aviva.oneintranet.solution.web.wsp,Features.csv,False,https://intranet.poc.com/,N/A
Portal_Content_01,073c4e60-6d38-42a7-83fe-c27a230a3747,Aviva Video Ribbon,Site,https://intranet.poc.com/sites/TMaster2publishing,aviva.oneintranet.solution.web.wsp,Features.csv,False,https://intranet.poc.com/,N/A
Portal_Content_01,4ebf6325-abe7-4097-847e-fc3263f8edc1,Aviva Video Player,Site,https://intranet.poc.com/sites/VK113055,aviva.oneintranet.solution.web.wsp,Features.csv,False,https://intranet.poc.com/,N/A
Portal_Content_01,4ebf6325-abe7-4097-847e-fc3263f8edc1,Aviva Video Player,Site,https://intranet.poc.com/sites/testv,aviva.oneintranet.solution.web.wsp,Features.csv,False,https://intranet.poc.com/,N/A
Portal_Content_01,4ebf6325-abe7-4097-847e-fc3263f8edc1,Aviva Video Player,Site,https://intranet.poc.com/sites/TMaster2publishing,aviva.oneintranet.solution.web.wsp,Features.csv,False,https://intranet.poc.com/,N/A
Portal_Content_01,7435ae5c-91b5-4f0e-8c96-de5e77207e9c,Contoso.ContentType Test Blank,WebApplication,N/A,contoso.contenttype.wsp,Features.csv,N/A,https://intranet.poc.com/,N/A
Portal_Content_01,9f372db0-fa25-4c59-bd73-39862db2fcd9,Contoso.ContentType Feature,Site,https://intranet.poc.com/sites/TestContosoTeamParent_2,contoso.contenttype.wsp,Features.csv,False,https://intranet.poc.com/,N/A
Portal_Content_01,9f372db0-fa25-4c59-bd73-39862db2fcd9,Contoso.ContentType Feature,Site,https://intranet.poc.com/sites/TestTeamSiteParent2,contoso.contenttype.wsp,Features.csv,False,https://intranet.poc.com/,N/A
Portal_Content_01,9f372db0-fa25-4c59-bd73-39862db2fcd9,Contoso.ContentType Feature,Site,https://intranet.poc.com/sites/TestListContentType2,contoso.contenttype.wsp,Features.csv,False,https://intranet.poc.com/,N/A
Portal_Content_01,9f372db0-fa25-4c59-bd73-39862db2fcd9,Contoso.ContentType Feature,Site,https://intranet.poc.com/sites/TestListContentType3,contoso.contenttype.wsp,Features.csv,False,https://intranet.poc.com/,N/A
Portal_Content_01,9f372db0-fa25-4c59-bd73-39862db2fcd9,Contoso.ContentType Feature,Site,https://intranet.poc.com/sites/TestListContentType1,contoso.contenttype.wsp,Features.csv,False,https://intranet.poc.com/,N/A
Portal_Content_01,9f372db0-fa25-4c59-bd73-39862db2fcd9,Contoso.ContentType Feature,Site,https://intranet.poc.com/sites/TestListContentType4,contoso.contenttype.wsp,Features.csv,False,https://intranet.poc.com/,N/A
Portal_Content_01,9f372db0-fa25-4c59-bd73-39862db2fcd9,Contoso.ContentType Feature,Site,https://intranet.poc.com/sites/TestContentType5,contoso.contenttype.wsp,Features.csv,False,https://intranet.poc.com/,N/A
Portal_Content_01,9f372db0-fa25-4c59-bd73-39862db2fcd9,Contoso.ContentType Feature,Site,https://intranet.poc.com/sites/TestContosoTeamSite,contoso.contenttype.wsp,Features.csv,False,https://intranet.poc.com/,N/A
Portal_Content_01,9f372db0-fa25-4c59-bd73-39862db2fcd9,Contoso.ContentType Feature,Site,https://intranet.poc.com/sites/DiscoveryTool,contoso.contenttype.wsp,Features.csv,False,https://intranet.poc.com/,N/A
Portal_Content_01,9f372db0-fa25-4c59-bd73-39862db2fcd9,Contoso.ContentType Feature,Site,https://intranet.poc.com/sites/AnubhavTeamSiteTest,contoso.contenttype.wsp,Features.csv,False,https://intranet.poc.com/,N/A
Portal_Content_01,ac1d0639-b16c-46d8-beb9-e1c3645af5ae,Contoso.EventReceiver,Web,https://intranet.poc.com/sites/testPublishing,contoso.contenttype.wsp,Features.csv,False,https://intranet.poc.com/,https://intranet.poc.com/sites/testPublishing
Portal_Content_01,ac1d0639-b16c-46d8-beb9-e1c3645af5ae,Contoso.EventReceiver,Web,https://intranet.poc.com/sites/PocContosoTeamSite,contoso.contenttype.wsp,Features.csv,False,https://intranet.poc.com/,https://intranet.poc.com/sites/PocContosoTeamSite
Portal_Content_01,a3fed161-004e-4a9c-bb07-1966f27f2cab,Contoso.Intranet - Site Default,Site,https://intranet.poc.com/sites/TestContosoTeamParent_2,contoso.intranet.wsp,Features.csv,False,https://intranet.poc.com/,N/A
Portal_Content_01,a3fed161-004e-4a9c-bb07-1966f27f2cab,Contoso.Intranet - Site Default,Site,https://intranet.poc.com/sites/TestTeamSiteParent2,contoso.intranet.wsp,Features.csv,False,https://intranet.poc.com/,N/A
Portal_Content_01,a3fed161-004e-4a9c-bb07-1966f27f2cab,Contoso.Intranet - Site Default,Site,https://intranet.poc.com/sites/TestListContentType3,contoso.intranet.wsp,Features.csv,False,https://intranet.poc.com/,N/A
Portal_Content_01,a3fed161-004e-4a9c-bb07-1966f27f2cab,Contoso.Intranet - Site Default,Site,https://intranet.poc.com/sites/AnubhavTeamSiteTest,contoso.intranet.wsp,Features.csv,False,https://intranet.poc.com/,N/A
Portal_Content_01,a3fed161-004e-4a9c-bb07-1966f27f2cab,Contoso.Intranet - Site Default,Site,https://intranet.poc.com/sites/TestUnghostToolsForTransformationTool,contoso.intranet.wsp,Features.csv,False,https://intranet.poc.com/,N/A
Portal_Content_01,a3fed161-004e-4a9c-bb07-1966f27f2cab,Contoso.Intranet - Site Default,Site,https://intranet.poc.com/sites/SudhaContosoTeamSite,contoso.intranet.wsp,Features.csv,False,https://intranet.poc.com/,N/A
Portal_Content_01,a3fed161-004e-4a9c-bb07-1966f27f2cab,Contoso.Intranet - Site Default,Site,https://intranet.poc.com/sites/ConstosoTemplate1,contoso.intranet.wsp,Features.csv,False,https://intranet.poc.com/,N/A
Portal_Content_01,a3fed161-004e-4a9c-bb07-1966f27f2cab,Contoso.Intranet - Site Default,Site,https://intranet.poc.com/sites/TestContosoTeamSite,contoso.intranet.wsp,Features.csv,False,https://intranet.poc.com/,N/A
Portal_Content_01,a3fed161-004e-4a9c-bb07-1966f27f2cab,Contoso.Intranet - Site Default,Site,https://intranet.poc.com/sites/TestAccesntureWebPartIssue,contoso.intranet.wsp,Features.csv,False,https://intranet.poc.com/,N/A
Portal_Content_01,a3fed161-004e-4a9c-bb07-1966f27f2cab,Contoso.Intranet - Site Default,Site,https://intranet.poc.com/sites/AccentureTransformationTesting,contoso.intranet.wsp,Features.csv,False,https://intranet.poc.com/,N/A
Portal_Content_01,a3fed161-004e-4a9c-bb07-1966f27f2cab,Contoso.Intranet - Site Default,Site,https://intranet.poc.com/sites/SudhaContosoPublishingSite,contoso.intranet.wsp,Features.csv,False,https://intranet.poc.com/,N/A
Portal_Content_01,a3fed161-004e-4a9c-bb07-1966f27f2cab,Contoso.Intranet - Site Default,Site,https://intranet.poc.com/sites/TestSiteColumnRemoval,contoso.intranet.wsp,Features.csv,False,https://intranet.poc.com/,N/A
Portal_Content_01,02464339-e494-4257-8018-403b5a4371d9,Contoso.Intranet - Web Default Publishing,Web,https://intranet.poc.com/sites/TestContosoPublishingSite,contoso.intranet.wsp,Features.csv,False,https://intranet.poc.com/,https://intranet.poc.com/sites/TestContosoPublishingSite
Portal_Content_01,02464339-e494-4257-8018-403b5a4371d9,Contoso.Intranet - Web Default Publishing,Web,https://intranet.poc.com/sites/PocContosoTeamSite,contoso.intranet.wsp,Features.csv,False,https://intranet.poc.com/,https://intranet.poc.com/sites/PocContosoTeamSite
Portal_Content_01,02464339-e494-4257-8018-403b5a4371d9,Contoso.Intranet - Web Default Publishing,Web,https://intranet.poc.com/sites/AnubhavPublishing,contoso.intranet.wsp,Features.csv,False,https://intranet.poc.com/,https://intranet.poc.com/sites/AnubhavPublishing
Portal_Content_01,02464339-e494-4257-8018-403b5a4371d9,Contoso.Intranet - Web Default Publishing,Web,https://intranet.poc.com/sites/TestcontosopublishingsiteForTransformationUnghostTools,contoso.intranet.wsp,Features.csv,False,https://intranet.poc.com/,https://intranet.poc.com/sites/TestcontosopublishingsiteForTransformationUnghostTools
Portal_Content_01,02464339-e494-4257-8018-403b5a4371d9,Contoso.Intranet - Web Default Publishing,Web,https://intranet.poc.com/sites/SudhaContosoPublishingSite,contoso.intranet.wsp,Features.csv,False,https://intranet.poc.com/,https://intranet.poc.com/sites/SudhaContosoPublishingSite
Portal_Content_01,02464339-e494-4257-8018-403b5a4371d9,Contoso.Intranet - Web Default Publishing,Web,https://intranet.poc.com/sites/DemoContosoPublishing,contoso.intranet.wsp,Features.csv,False,https://intranet.poc.com/,https://intranet.poc.com/sites/DemoContosoPublishing
Portal_Content_01,02464339-e494-4257-8018-403b5a4371d9,Contoso.Intranet - Web Default Publishing,Web,https://intranet.poc.com/sites/TestingUnghostingTool,contoso.intranet.wsp,Features.csv,False,https://intranet.poc.com/,https://intranet.poc.com/sites/TestingUnghostingTool
Portal_Content_01,c2f9c992-99b0-4ee7-8e48-5d9949e77d3d,Contoso.Intranet - Web Default,Web,https://intranet.poc.com/sites/TestContosoTeamSite,contoso.intranet.wsp,Features.csv,False,https://intranet.poc.com/,https://intranet.poc.com/sites/TestContosoTeamSite/TestChildContosoTeamSite
Portal_Content_01,c2f9c992-99b0-4ee7-8e48-5d9949e77d3d,Contoso.Intranet - Web Default,Web,https://intranet.poc.com/sites/TestContosoTeamParent_2,contoso.intranet.wsp,Features.csv,False,https://intranet.poc.com/,https://intranet.poc.com/sites/TestContosoTeamParent_2
Portal_Content_01,c2f9c992-99b0-4ee7-8e48-5d9949e77d3d,Contoso.Intranet - Web Default,Web,https://intranet.poc.com/sites/TestTeamSiteParent2,contoso.intranet.wsp,Features.csv,False,https://intranet.poc.com/,https://intranet.poc.com/sites/TestTeamSiteParent2
Portal_Content_01,c2f9c992-99b0-4ee7-8e48-5d9949e77d3d,Contoso.Intranet - Web Default,Web,https://intranet.poc.com/sites/TestUnghostToolsForTransformationTool,contoso.intranet.wsp,Features.csv,False,https://intranet.poc.com/,https://intranet.poc.com/sites/TestUnghostToolsForTransformationTool
Portal_Content_01,c2f9c992-99b0-4ee7-8e48-5d9949e77d3d,Contoso.Intranet - Web Default,Web,https://intranet.poc.com/sites/SudhaContosoTeamSite,contoso.intranet.wsp,Features.csv,False,https://intranet.poc.com/,https://intranet.poc.com/sites/SudhaContosoTeamSite
Portal_Content_01,c2f9c992-99b0-4ee7-8e48-5d9949e77d3d,Contoso.Intranet - Web Default,Web,https://intranet.poc.com/sites/ConstosoTemplate1,contoso.intranet.wsp,Features.csv,False,https://intranet.poc.com/,https://intranet.poc.com/sites/ConstosoTemplate1
Portal_Content_01,c2f9c992-99b0-4ee7-8e48-5d9949e77d3d,Contoso.Intranet - Web Default,Web,https://intranet.poc.com/sites/DiscoveryTool,contoso.intranet.wsp,Features.csv,False,https://intranet.poc.com/,https://intranet.poc.com/sites/DiscoveryTool
Portal_Content_01,c2f9c992-99b0-4ee7-8e48-5d9949e77d3d,Contoso.Intranet - Web Default,Web,https://intranet.poc.com/sites/TestAccesntureWebPartIssue,contoso.intranet.wsp,Features.csv,False,https://intranet.poc.com/,https://intranet.poc.com/sites/TestAccesntureWebPartIssue
Portal_Content_01,c2f9c992-99b0-4ee7-8e48-5d9949e77d3d,Contoso.Intranet - Web Default,Web,https://intranet.poc.com/sites/AccentureTransformationTesting,contoso.intranet.wsp,Features.csv,False,https://intranet.poc.com/,https://intranet.poc.com/sites/AccentureTransformationTesting
Portal_Content_01,c2f9c992-99b0-4ee7-8e48-5d9949e77d3d,Contoso.Intranet - Web Default,Web,https://intranet.poc.com/sites/TestSiteColumnRemoval,contoso.intranet.wsp,Features.csv,False,https://intranet.poc.com/,https://intranet.poc.com/sites/TestSiteColumnRemoval
Portal_Content_01,c2f9c992-99b0-4ee7-8e48-5d9949e77d3d,Contoso.Intranet - Web Default,Web,https://intranet.poc.com/sites/TestAccesntureWebPartIssue,contoso.intranet.wsp,Features.csv,False,https://intranet.poc.com/,https://intranet.poc.com/sites/TestAccesntureWebPartIssue/subsite
Portal_Content_01,7e2ab32f-6903-44b9-affc-8f31360bfbbb,Contoso.Intranet - Site Default Publishing,Site,https://intranet.poc.com/sites/TestContosoPublishingSite,contoso.intranet.wsp,Features.csv,False,https://intranet.poc.com/,N/A
Portal_Content_01,7e2ab32f-6903-44b9-affc-8f31360bfbbb,Contoso.Intranet - Site Default Publishing,Site,https://intranet.poc.com/sites/PocContosoTeamSite,contoso.intranet.wsp,Features.csv,False,https://intranet.poc.com/,N/A
Portal_Content_01,7e2ab32f-6903-44b9-affc-8f31360bfbbb,Contoso.Intranet - Site Default Publishing,Site,https://intranet.poc.com/sites/AnubhavPublishing,contoso.intranet.wsp,Features.csv,False,https://intranet.poc.com/,N/A
Portal_Content_01,7e2ab32f-6903-44b9-affc-8f31360bfbbb,Contoso.Intranet - Site Default Publishing,Site,https://intranet.poc.com/sites/TestcontosopublishingsiteForTransformationUnghostTools,contoso.intranet.wsp,Features.csv,False,https://intranet.poc.com/,N/A
Portal_Content_01,7e2ab32f-6903-44b9-affc-8f31360bfbbb,Contoso.Intranet - Site Default Publishing,Site,https://intranet.poc.com/sites/SudhaContosoPublishingSite,contoso.intranet.wsp,Features.csv,False,https://intranet.poc.com/,N/A
Portal_Content_01,7e2ab32f-6903-44b9-affc-8f31360bfbbb,Contoso.Intranet - Site Default Publishing,Site,https://intranet.poc.com/sites/DemoContosoPublishing,contoso.intranet.wsp,Features.csv,False,https://intranet.poc.com/,N/A
Portal_Content_01,7e2ab32f-6903-44b9-affc-8f31360bfbbb,Contoso.Intranet - Site Default Publishing,Site,https://intranet.poc.com/sites/TestingUnghostingTool,contoso.intranet.wsp,Features.csv,False,https://intranet.poc.com/,N/A
Portal_Content_01,7e2ab32f-6903-44b9-affc-8f31360bfbbb,Contoso.Intranet - Site Default Publishing,Site,https://intranet.poc.com/sites/TestContosoTeamSite,contoso.intranet.wsp,Features.csv,False,https://intranet.poc.com/,N/A
Portal_Content_01,7e2ab32f-6903-44b9-affc-8f31360bfbbb,Contoso.Intranet - Site Default Publishing,Site,https://intranet.poc.com/sites/KTContosoPublishingSite,contoso.intranet.wsp,Features.csv,False,https://intranet.poc.com/,N/A
Portal_Content_01,7e2ab32f-6903-44b9-affc-8f31360bfbbb,Contoso.Intranet - Site Default Publishing,Site,https://intranet.poc.com/,contoso.intranet.wsp,Features.csv,False,https://intranet.poc.com/,N/A
Portal_Content_01,2135e033-71b2-40d6-a53f-2ce916c7ab67,CustomField Feature1,Web,https://intranet.poc.com/sites/RajTeam4,customfield.wsp,Features.csv,False,https://intranet.poc.com/,https://intranet.poc.com/sites/RajTeam4
Portal_Content_01,2135e033-71b2-40d6-a53f-2ce916c7ab67,CustomField Feature1,Web,https://intranet.poc.com/sites/div,customfield.wsp,Features.csv,False,https://intranet.poc.com/,https://intranet.poc.com/sites/div
Portal_Content_01,2135e033-71b2-40d6-a53f-2ce916c7ab67,CustomField Feature1,Web,https://intranet.poc.com/sites/vidhiTest2,customfield.wsp,Features.csv,False,https://intranet.poc.com/,https://intranet.poc.com/sites/vidhiTest2
Portal_Content_01,2135e033-71b2-40d6-a53f-2ce916c7ab67,CustomField Feature1,Web,https://intranet.poc.com/sites/SampleAppCSOM,customfield.wsp,Features.csv,False,https://intranet.poc.com/,https://intranet.poc.com/sites/SampleAppCSOM
Portal_Content_01,2135e033-71b2-40d6-a53f-2ce916c7ab67,CustomField Feature1,Web,https://intranet.poc.com/sites/vidhiTest5,customfield.wsp,Features.csv,False,https://intranet.poc.com/,https://intranet.poc.com/sites/vidhiTest5
Portal_Content_01,2135e033-71b2-40d6-a53f-2ce916c7ab67,CustomField Feature1,Web,https://intranet.poc.com/sites/vidhiTest7,customfield.wsp,Features.csv,False,https://intranet.poc.com/,https://intranet.poc.com/sites/vidhiTest7
Portal_Content_01,2135e033-71b2-40d6-a53f-2ce916c7ab67,CustomField Feature1,Web,https://intranet.poc.com/sites/vidhitest8,customfield.wsp,Features.csv,False,https://intranet.poc.com/,https://intranet.poc.com/sites/vidhitest8
Portal_Content_01,2135e033-71b2-40d6-a53f-2ce916c7ab67,CustomField Feature1,Web,https://intranet.poc.com/sites/vidhiTest6,customfield.wsp,Features.csv,False,https://intranet.poc.com/,https://intranet.poc.com/sites/vidhiTest6
Portal_Content_01,2135e033-71b2-40d6-a53f-2ce916c7ab67,CustomField Feature1,Web,https://intranet.poc.com/sites/vidhiTest9,customfield.wsp,Features.csv,False,https://intranet.poc.com/,https://intranet.poc.com/sites/vidhiTest9/Sub2/Sub3/Sub4
Portal_Content_01,2135e033-71b2-40d6-a53f-2ce916c7ab67,CustomField Feature1,Web,https://intranet.poc.com/sites/vidhiTest10,customfield.wsp,Features.csv,False,https://intranet.poc.com/,https://intranet.poc.com/sites/vidhiTest10
Portal_Content_01,2135e033-71b2-40d6-a53f-2ce916c7ab67,CustomField Feature1,Web,https://intranet.poc.com/sites/vidhiTest11,customfield.wsp,Features.csv,False,https://intranet.poc.com/,https://intranet.poc.com/sites/vidhiTest11
Portal_Content_01,2135e033-71b2-40d6-a53f-2ce916c7ab67,CustomField Feature1,Web,https://intranet.poc.com/sites/vidhiTest11,customfield.wsp,Features.csv,False,https://intranet.poc.com/,https://intranet.poc.com/sites/vidhiTest11/Sub2
Portal_Content_01,2135e033-71b2-40d6-a53f-2ce916c7ab67,CustomField Feature1,Web,https://intranet.poc.com/sites/rajapp,customfield.wsp,Features.csv,False,https://intranet.poc.com/,https://intranet.poc.com/sites/rajapp
Portal_Content_01,2135e033-71b2-40d6-a53f-2ce916c7ab67,CustomField Feature1,Web,https://intranet.poc.com/sites/SudhaTeam2,customfield.wsp,Features.csv,False,https://intranet.poc.com/,https://intranet.poc.com/sites/SudhaTeam2
Portal_Content_01,2135e033-71b2-40d6-a53f-2ce916c7ab67,CustomField Feature1,Web,https://intranet.poc.com/sites/SudhaField1,customfield.wsp,Features.csv,False,https://intranet.poc.com/,https://intranet.poc.com/sites/SudhaField1
Portal_Content_01,2135e033-71b2-40d6-a53f-2ce916c7ab67,CustomField Feature1,Web,https://intranet.poc.com/sites/RajField1,customfield.wsp,Features.csv,False,https://intranet.poc.com/,https://intranet.poc.com/sites/RajField1
Portal_Content_01,2135e033-71b2-40d6-a53f-2ce916c7ab67,CustomField Feature1,Web,https://intranet.poc.com/sites/Anubhav_02Oct_3,customfield.wsp,Features.csv,False,https://intranet.poc.com/,https://intranet.poc.com/sites/Anubhav_02Oct_3
Portal_Content_01,2135e033-71b2-40d6-a53f-2ce916c7ab67,CustomField Feature1,Web,https://intranet.poc.com/sites/RajTeam4,customfield.wsp,Features.csv,False,https://intranet.poc.com/,https://intranet.poc.com/sites/RajTeam4/Sub2
Portal_Content_01,2135e033-71b2-40d6-a53f-2ce916c7ab67,CustomField Feature1,Web,https://intranet.poc.com/sites/RajTeam5,customfield.wsp,Features.csv,False,https://intranet.poc.com/,https://intranet.poc.com/sites/RajTeam5
Portal_Content_01,2135e033-71b2-40d6-a53f-2ce916c7ab67,CustomField Feature1,Web,https://intranet.poc.com/sites/AnubhavTeamSiteTest,customfield.wsp,Features.csv,False,https://intranet.poc.com/,https://intranet.poc.com/sites/AnubhavTeamSiteTest
Portal_Content_01,728cd1d5-c22f-4060-984d-d38207152c68,CustomEventReceiverThree Feature1,Web,https://intranet.poc.com/sites/TestContosoPublishingSite,customeventreceiverthree.wsp,Features.csv,False,https://intranet.poc.com/,https://intranet.poc.com/sites/TestContosoPublishingSite
Portal_Content_01,48e86892-0ec3-4710-b061-26c21702ec21,CustomNewField Feature1,Web,https://intranet.poc.com/sites/div,customnewfield.wsp,Features.csv,False,https://intranet.poc.com/,https://intranet.poc.com/sites/div
Portal_Content_01,48e86892-0ec3-4710-b061-26c21702ec21,CustomNewField Feature1,Web,https://intranet.poc.com/sites/AnubhavTeamSiteTest,customnewfield.wsp,Features.csv,False,https://intranet.poc.com/,https://intranet.poc.com/sites/AnubhavTeamSiteTest
Portal_Content_01,57ded087-885b-45aa-becb-5dacf3d16c4d,CustomWFVS Feature2,Web,https://intranet.poc.com/sites/DiscoveryTool,customwfvs.wsp,Features.csv,False,https://intranet.poc.com/,https://intranet.poc.com/sites/DiscoveryTool
Portal_Content_01,32ccfe5b-e2ff-43e1-a66c-ede7c995250a,CustomSiteColumnandContentType Feature1,Web,https://intranet.poc.com/sites/testSite,customsitecolumnandcontenttype.wsp,Features.csv,False,https://intranet.poc.com/,https://intranet.poc.com/sites/testSite
Portal_Content_01,32ccfe5b-e2ff-43e1-a66c-ede7c995250a,CustomSiteColumnandContentType Feature1,Web,https://intranet.poc.com/sites/testSite2,customsitecolumnandcontenttype.wsp,Features.csv,False,https://intranet.poc.com/,https://intranet.poc.com/sites/testSite2
Portal_Content_01,32ccfe5b-e2ff-43e1-a66c-ede7c995250a,CustomSiteColumnandContentType Feature1,Web,https://intranet.poc.com/sites/vidhiTest4,customsitecolumnandcontenttype.wsp,Features.csv,False,https://intranet.poc.com/,https://intranet.poc.com/sites/vidhiTest4
Portal_Content_01,32ccfe5b-e2ff-43e1-a66c-ede7c995250a,CustomSiteColumnandContentType Feature1,Web,https://intranet.poc.com/sites/AnubhavTeamSiteTest,customsitecolumnandcontenttype.wsp,Features.csv,False,https://intranet.poc.com/,https://intranet.poc.com/sites/AnubhavTeamSiteTest
Portal_Content_01,b86418ef-12d2-463d-9c7b-0d5e8578e084,DataSheet Feature1,Site,https://intranet.poc.com/sites/RajTest1,datasheet.wsp,Features.csv,False,https://intranet.poc.com/,N/A
Portal_Content_01,f1f19a9b-876c-4098-a174-d54e13eb0014,DeployASPX Feature1,Web,https://intranet.poc.com/sites/dd,deployaspx.wsp,Features.csv,False,https://intranet.poc.com/,https://intranet.poc.com/sites/dd
Portal_Content_01,340be594-6eb2-4a80-93f1-f9e70ea2525b,CustomWorkflowProject Feature2,Web,https://intranet.poc.com/sites/delSite1,customworkflowproject.wsp,Features.csv,False,https://intranet.poc.com/,https://intranet.poc.com/sites/delSite1
Portal_Content_01,6633bed0-6d85-4517-bdae-71c0f556b2e4,ERCT Feature1,Web,https://intranet.poc.com/sites/DiscoveryTool,erct.wsp,Features.csv,N/A,https://intranet.poc.com/,https://intranet.poc.com/sites/DiscoveryTool
Portal_Content_01,5cc6648f-1b59-40a3-b683-6d72f3106faf,EventReceivers Content Types,Site,https://intranet.poc.com/sites/AnubhavTeamSiteTest,eventreceivers.wsp,Features.csv,False,https://intranet.poc.com/,N/A
Portal_Content_01,f808f9bd-5181-15c7-c2f3-91553937edce,Incident Reporting,Site,https://intranet.poc.com/sites/InfoPathForm2,form-template.wsp,Features.csv,False,https://intranet.poc.com/,N/A
Portal_Content_01,0bedc105-bc8f-6061-0c3d-a7772c38ac07,EmpRegistrationForm,Site,https://intranet.poc.com/sites/vidTest,form-empregistrationf.wsp,Features.csv,False,https://intranet.poc.com/,N/A
Portal_Content_01,f6c04a1c-d0f2-6937-19cc-dd8777cd7f25,RichtextField_AdminApproved_Published,Site,https://intranet.poc.com/sites/InfoPathForm2,form-richtextfield_ad.wsp,Features.csv,False,https://intranet.poc.com/,N/A
Portal_Content_01,4e9378ef-5784-498f-9709-2df2e3b7bdb5,FTCCTandSC Feature1,Web,https://intranet.poc.com/sites/Publishing,ftcctandsc.wsp,Features.csv,False,https://intranet.poc.com/,https://intranet.poc.com/sites/Publishing
Portal_Content_01,4e9378ef-5784-498f-9709-2df2e3b7bdb5,FTCCTandSC Feature1,Web,https://intranet.poc.com/sites/AnubhavTeamSiteTest,ftcctandsc.wsp,Features.csv,False,https://intranet.poc.com/,https://intranet.poc.com/sites/AnubhavTeamSiteTest
Portal_Content_01,04a45833-932b-4048-ac83-0491af47e60d,FTCVisualWebPartTesting Feature1,Site,https://intranet.poc.com/sites/Publishing,ftcvisualwebparttesting.wsp,Features.csv,False,https://intranet.poc.com/,N/A
Portal_Content_01,4184eeae-598c-46c7-8c3d-518d064f42c9,FTCMasterPageOne Feature1,Site,https://intranet.poc.com/sites/DiscoveryTool,ftcmasterpageone.wsp,Features.csv,False,https://intranet.poc.com/,N/A
Portal_Content_01,34726d5b-e047-49dd-a56f-64a59f824683,FTCMasterPageOne RashCustomMasterPage,Site,https://intranet.poc.com/sites/DiscoveryTool,ftcmasterpageone.wsp,Features.csv,False,https://intranet.poc.com/,N/A
Portal_Content_01,75bd038f-1356-4aa8-b1c4-e923feac2c48,FTCVisualWebPart Feature1,Site,https://intranet.poc.com/sites/Publishing,ftcvisualwebpart.wsp,Features.csv,False,https://intranet.poc.com/,N/A
Portal_Content_01,75bd038f-1356-4aa8-b1c4-e923feac2c48,FTCVisualWebPart Feature1,Site,https://intranet.poc.com/sites/DiscoveryTool,ftcvisualwebpart.wsp,Features.csv,False,https://intranet.poc.com/,N/A
Portal_Content_01,96967f04-bb8f-45b9-8bb0-62d079022346,GPUserAddedWPScope_GPUserAddedWPScope,WebApplication,N/A,gpuseraddedwpscope.wsp,Features.csv,N/A,https://intranet.poc.com/,N/A
Portal_Content_01,d073413c-3bd4-4fcc-a0ff-61e0e8043843,JDP.Transformation.DisableFeatureActivation Control,WebApplication,N/A,jdp.transformation.disablefeatureactivation.wsp,Features.csv,N/A,https://intranet.poc.com/,N/A
Portal_Content_01,e9a3cac0-d2eb-4ff5-b2dd-bf7d0dc42c51,FTCWebPart Feature1,Site,https://intranet.poc.com/sites/Publishing,ftcwebpart.wsp,Features.csv,False,https://intranet.poc.com/,N/A
Portal_Content_01,e9a3cac0-d2eb-4ff5-b2dd-bf7d0dc42c51,FTCWebPart Feature1,Site,https://intranet.poc.com/sites/DiscoveryTool,ftcwebpart.wsp,Features.csv,False,https://intranet.poc.com/,N/A
Portal_Content_01,91c431c2-6ca5-44c2-9b7c-f5ffc41b4554,ISBN_Field_Type Feature1,Web,https://intranet.poc.com/sites/DiscoveryTool,isbn_field_type.wsp,Features.csv,False,https://intranet.poc.com/,https://intranet.poc.com/sites/DiscoveryTool
Portal_Content_01,91c431c2-6ca5-44c2-9b7c-f5ffc41b4554,ISBN_Field_Type Feature1,Web,https://intranet.poc.com/sites/Publishing,isbn_field_type.wsp,Features.csv,False,https://intranet.poc.com/,https://intranet.poc.com/sites/Publishing
Portal_Content_01,c5cef19b-c93d-4b04-b0f1-905e275195f8,myvwebpart Feature1,Site,https://intranet.poc.com/sites/DiscoveryTool,myvwebpart.wsp,Features.csv,False,https://intranet.poc.com/,N/A
Portal_Content_01,c5cef19b-c93d-4b04-b0f1-905e275195f8,myvwebpart Feature1,Site,https://intranet.poc.com/sites/Publishing,myvwebpart.wsp,Features.csv,False,https://intranet.poc.com/,N/A
Portal_Content_01,eb515910-46ec-428b-88ba-91bc970f4faf,KWizCom Datasheet View for SharePoint 2013,Web,https://intranet.poc.com/sites/rajko,kwizcom datasheet view for sharepoint 2013 v11.1.00.wsp,Features.csv,False,https://intranet.poc.com/,https://intranet.poc.com/sites/rajko
Portal_Content_01,eb515910-46ec-428b-88ba-91bc970f4faf,KWizCom Datasheet View for SharePoint 2013,Web,https://intranet.poc.com/sites/vidhi1920,kwizcom datasheet view for sharepoint 2013 v11.1.00.wsp,Features.csv,False,https://intranet.poc.com/,https://intranet.poc.com/sites/vidhi1920
Portal_Content_01,3b046173-8ed3-4a32-ab47-f69d94204284,PlanetCTWithER Feature1,Web,https://intranet.poc.com/sites/rajdev,planetctwither.wsp,Features.csv,N/A,https://intranet.poc.com/,https://intranet.poc.com/sites/rajdev
Portal_Content_01,3b046173-8ed3-4a32-ab47-f69d94204284,PlanetCTWithER Feature1,Web,https://intranet.poc.com/sites/TestTeamSiteParent2,planetctwither.wsp,Features.csv,N/A,https://intranet.poc.com/,https://intranet.poc.com/sites/TestTeamSiteParent2
Portal_Content_01,3b046173-8ed3-4a32-ab47-f69d94204284,PlanetCTWithER Feature1,Web,https://intranet.poc.com/sites/DiscoveryTool,planetctwither.wsp,Features.csv,N/A,https://intranet.poc.com/,https://intranet.poc.com/sites/DiscoveryTool
Portal_Content_01,3b046173-8ed3-4a32-ab47-f69d94204284,PlanetCTWithER Feature1,Web,https://intranet.poc.com/sites/vidhiTest10,planetctwither.wsp,Features.csv,N/A,https://intranet.poc.com/,https://intranet.poc.com/sites/vidhiTest10
Portal_Content_01,3b046173-8ed3-4a32-ab47-f69d94204284,PlanetCTWithER Feature1,Web,https://intranet.poc.com/sites/delVidhiTest2,planetctwither.wsp,Features.csv,N/A,https://intranet.poc.com/,https://intranet.poc.com/sites/delVidhiTest2
Portal_Content_01,3b046173-8ed3-4a32-ab47-f69d94204284,PlanetCTWithER Feature1,Web,https://intranet.poc.com/sites/div,planetctwither.wsp,Features.csv,N/A,https://intranet.poc.com/,https://intranet.poc.com/sites/div
Portal_Content_01,3b046173-8ed3-4a32-ab47-f69d94204284,PlanetCTWithER Feature1,Web,https://intranet.poc.com/sites/dd,planetctwither.wsp,Features.csv,N/A,https://intranet.poc.com/,https://intranet.poc.com/sites/dd
Portal_Content_01,d57d6298-0747-4cc5-96b6-0806e71f5942,PMFTCMasterPage Feature1,Web,https://intranet.poc.com/sites/Publishing,pmftcmasterpage.wsp,Features.csv,False,https://intranet.poc.com/,https://intranet.poc.com/sites/Publishing
Portal_Content_01,3d1fc365-fdc7-4d94-92e2-3d85e95a2bee,PMTCustomWebPartTEstOne Feature1,Site,https://intranet.poc.com/sites/DiscoveryTool,pmtcustomwebparttestone.wsp,Features.csv,False,https://intranet.poc.com/,N/A
Portal_Content_01,3d1fc365-fdc7-4d94-92e2-3d85e95a2bee,PMTCustomWebPartTEstOne Feature1,Site,https://intranet.poc.com/sites/Publishing,pmtcustomwebparttestone.wsp,Features.csv,False,https://intranet.poc.com/,N/A
Portal_Content_01,3d1fc365-fdc7-4d94-92e2-3d85e95a2bee,PMTCustomWebPartTEstOne Feature1,Site,https://intranet.poc.com/sites/dd,pmtcustomwebparttestone.wsp,Features.csv,False,https://intranet.poc.com/,N/A
Portal_Content_01,7dc545f5-1e25-48c9-bea2-98d81bf8fa8c,PMTWebPartTestTwo Feature1,Site,https://intranet.poc.com/sites/DiscoveryTool,pmtwebparttesttwo.wsp,Features.csv,False,https://intranet.poc.com/,N/A
Portal_Content_01,7dc545f5-1e25-48c9-bea2-98d81bf8fa8c,PMTWebPartTestTwo Feature1,Site,https://intranet.poc.com/sites/Publishing,pmtwebparttesttwo.wsp,Features.csv,False,https://intranet.poc.com/,N/A
Portal_Content_01,7dc545f5-1e25-48c9-bea2-98d81bf8fa8c,PMTWebPartTestTwo Feature1,Site,https://intranet.poc.com/sites/dd,pmtwebparttesttwo.wsp,Features.csv,False,https://intranet.poc.com/,N/A
Portal_Content_01,ff28a765-aba9-497d-8d55-eb992c1067bd,PMFTCContentTypeSiteColumn Feature1,Web,https://intranet.poc.com/sites/DiscoveryTool,pmftccontenttypesitecolumn.wsp,Features.csv,False,https://intranet.poc.com/,https://intranet.poc.com/sites/DiscoveryTool/SubSiteDiscovery
Portal_Content_01,ff28a765-aba9-497d-8d55-eb992c1067bd,PMFTCContentTypeSiteColumn Feature1,Web,https://intranet.poc.com/sites/Publishing,pmftccontenttypesitecolumn.wsp,Features.csv,False,https://intranet.poc.com/,https://intranet.poc.com/sites/Publishing
Portal_Content_01,ff28a765-aba9-497d-8d55-eb992c1067bd,PMFTCContentTypeSiteColumn Feature1,Web,https://intranet.poc.com/sites/DiscoveryTool,pmftccontenttypesitecolumn.wsp,Features.csv,False,https://intranet.poc.com/,https://intranet.poc.com/sites/DiscoveryTool/SubSiteDiscoveryDelete
Portal_Content_01,4731346e-8c0a-4c43-9285-be0d86f19eed,RashCTSC Feature1,Web,https://intranet.poc.com/sites/div,rashctsc.wsp,Features.csv,False,https://intranet.poc.com/,https://intranet.poc.com/sites/div
Portal_Content_01,4731346e-8c0a-4c43-9285-be0d86f19eed,RashCTSC Feature1,Web,https://intranet.poc.com/sites/AnubhavTeamSiteTest,rashctsc.wsp,Features.csv,False,https://intranet.poc.com/,https://intranet.poc.com/sites/AnubhavTeamSiteTest
Portal_Content_01,d410e817-6255-4fc0-928f-2ac6e16ce56c,SampleCTEREnv Feature1,Web,https://intranet.poc.com/sites/DiscoveryTool,samplecterenv.wsp,Features.csv,N/A,https://intranet.poc.com/,https://intranet.poc.com/sites/DiscoveryTool
Portal_Content_01,61e02b35-ccc0-4deb-a818-b61b0db6dddc,SharePointFeatureDemo,Site,https://intranet.poc.com/sites/dd,sharepointfeature.wsp,Features.csv,False,https://intranet.poc.com/,N/A
Portal_Content_01,7d6b0432-7d5f-439f-955f-6e5b9ef8ec73,SiteColumnwithSameName Feature1,Site,https://intranet.poc.com/sites/AnubhavTest1,sitecolumnwithsamename.wsp,Features.csv,N/A,https://intranet.poc.com/,N/A
Portal_Content_01,31994685-b8cf-4918-85a8-100946b1c02c,Datasheet View,Web,https://intranet.poc.com/sites/rajtest,spdatasheet.wsp,Features.csv,N/A,https://intranet.poc.com/,https://intranet.poc.com/sites/rajtest
Portal_Content_01,1d7e283c-6795-4225-9c29-e597bfdea4ad,SPWorld.News Feature1,Site,https://intranet.poc.com/sites/DiscoveryTool,spworld.news.wsp,Features.csv,N/A,https://intranet.poc.com/,N/A
Portal_Content_01,d1861bd7-c146-4e15-b28d-309a846990d1,TiRaWebPart Feature1,Site,https://intranet.poc.com/sites/Publishing,tirawebpart.wsp,Features.csv,N/A,https://intranet.poc.com/,N/A
Portal_Content_01,1cd50f86-e87a-4cd3-ae5f-5304925e5557,TestSiteDefinitionOne Feature1,Site,https://intranet.poc.com/sites/TestContosoPublishingSite,testsitedefinitionone.wsp,Features.csv,N/A,https://intranet.poc.com/,N/A
Portal_Content_01,78806d7a-83b6-4f75-820e-2278f37f1b1b,TiRaWebPart2 Feature1,Site,https://intranet.poc.com/sites/Publishing,tirawebpart2.wsp,Features.csv,N/A,https://intranet.poc.com/,N/A
Portal_Content_01,a7407913-0c3b-4bc7-8391-c9d3346cd09a,YBBEST Add Event Receiver To ContentType Item,Web,https://intranet.poc.com/sites/Contentype_Overwrite2,ybbest.addeventreceivertocontenttype.wsp,Features.csv,N/A,https://intranet.poc.com/,https://intranet.poc.com/sites/Contentype_Overwrite2
Portal_Content_01,a7407913-0c3b-4bc7-8391-c9d3346cd09a,YBBEST Add Event Receiver To ContentType Item,Web,https://intranet.poc.com/sites/HariCT1,ybbest.addeventreceivertocontenttype.wsp,Features.csv,N/A,https://intranet.poc.com/,https://intranet.poc.com/sites/HariCT1
Portal_Content_01,a7407913-0c3b-4bc7-8391-c9d3346cd09a,YBBEST Add Event Receiver To ContentType Item,Web,https://intranet.poc.com/sites/DiscoveryTool,ybbest.addeventreceivertocontenttype.wsp,Features.csv,N/A,https://intranet.poc.com/,https://intranet.poc.com/sites/DiscoveryTool
Portal_Content_01,f1c00426-56cf-4090-b105-8989f7a64c68,KwizcomTest Feature1,Web,https://intranet.poc.com/sites/RajTeam5,N/A,Test-SPContentDB,False,https://intranet.poc.com/,https://intranet.poc.com/sites/RajTeam5
Portal_Content_01,f1c00426-56cf-4090-b105-8989f7a64c68,KwizcomTest Feature1,Web,https://intranet.poc.com/sites/RajTest1,N/A,Test-SPContentDB,False,https://intranet.poc.com/,https://intranet.poc.com/sites/RajTest1
Portal_Content_02,92c2e969-19a0-85e3-8c6f-b6dbb1c9b240,POT_COA,Site,https://intranet.poc.com/sites/HariPoc2,92c2e969-19a0-85e3-8c6f-b6dbb1c9b240.wsp,Features.csv,N/A,https://intranet.poc.com/,N/A
Portal_Content_02,828a6edd-0ae3-415e-b4dc-c315635fe74d,,Web,https://intranet.poc.com/sites/TestContosoTeamSite_bckup2,aviva.oneintranet.solution.web.wsp,Features.csv,False,https://intranet.poc.com/,https://intranet.poc.com/sites/TestContosoTeamSite_bckup2/WebPart-AppPart
Portal_Content_02,828a6edd-0ae3-415e-b4dc-c315635fe74d,,Web,https://intranet.poc.com/sites/TestContosoTeamSite_bckup2,aviva.oneintranet.solution.web.wsp,Features.csv,False,https://intranet.poc.com/,https://intranet.poc.com/sites/TestContosoTeamSite_bckup2/ChildSite
Portal_Content_02,828a6edd-0ae3-415e-b4dc-c315635fe74d,,Web,https://intranet.poc.com/sites/TestContosoTeamSite_bckup2,aviva.oneintranet.solution.web.wsp,Features.csv,False,https://intranet.poc.com/,https://intranet.poc.com/sites/TestContosoTeamSite_bckup2/TeamC1
Portal_Content_02,7435ae5c-91b5-4f0e-8c96-de5e77207e9c,Contoso.ContentType Test Blank,WebApplication,N/A,contoso.contenttype.wsp,Features.csv,N/A,https://intranet.poc.com/,N/A
Portal_Content_02,9f372db0-fa25-4c59-bd73-39862db2fcd9,,Site,https://intranet.poc.com/sites/TestContosoTeamSite_bckup2,contoso.contenttype.wsp,Features.csv,False,https://intranet.poc.com/,N/A
Portal_Content_02,68458954-c00b-436f-99dd-9c8b6dec97b1,ContentTypeUsageTesting Feature1,Web,https://intranet.poc.com/sites/TestPubSite,contenttypeusagetesting.wsp,Features.csv,False,https://intranet.poc.com/,https://intranet.poc.com/sites/TestPubSite
Portal_Content_02,ac1d0639-b16c-46d8-beb9-e1c3645af5ae,Contoso.EventReceiver,Web,https://intranet.poc.com/sites/TestPubSite,contoso.contenttype.wsp,Features.csv,False,https://intranet.poc.com/,https://intranet.poc.com/sites/TestPubSite
Portal_Content_02,a3fed161-004e-4a9c-bb07-1966f27f2cab,Contoso.Intranet - Site Default,Site,https://intranet.poc.com/sites/TestContosoTeamSite_bckup2,contoso.intranet.wsp,Features.csv,False,https://intranet.poc.com/,N/A
Portal_Content_02,a3fed161-004e-4a9c-bb07-1966f27f2cab,Contoso.Intranet - Site Default,Site,https://intranet.poc.com/sites/AnubhavDocCenter,contoso.intranet.wsp,Features.csv,False,https://intranet.poc.com/,N/A
Portal_Content_02,a3fed161-004e-4a9c-bb07-1966f27f2cab,Contoso.Intranet - Site Default,Site,https://intranet.poc.com/sites/AnubhavDocCenter2,contoso.intranet.wsp,Features.csv,False,https://intranet.poc.com/,N/A
Portal_Content_02,a3fed161-004e-4a9c-bb07-1966f27f2cab,Contoso.Intranet - Site Default,Site,https://intranet.poc.com/sites/DocCenterSC,contoso.intranet.wsp,Features.csv,False,https://intranet.poc.com/,N/A
Portal_Content_02,a3fed161-004e-4a9c-bb07-1966f27f2cab,Contoso.Intranet - Site Default,Site,https://intranet.poc.com/sites/DcCenterSC1,contoso.intranet.wsp,Features.csv,False,https://intranet.poc.com/,N/A
Portal_Content_02,a3fed161-004e-4a9c-bb07-1966f27f2cab,Contoso.Intranet - Site Default,Site,https://intranet.poc.com/sites/AnubhavDocCenter3,contoso.intranet.wsp,Features.csv,False,https://intranet.poc.com/,N/A
Portal_Content_02,a3fed161-004e-4a9c-bb07-1966f27f2cab,Contoso.Intranet - Site Default,Site,https://intranet.poc.com/sites/DemoSite1,contoso.intranet.wsp,Features.csv,False,https://intranet.poc.com/,N/A
Portal_Content_02,a3fed161-004e-4a9c-bb07-1966f27f2cab,Contoso.Intranet - Site Default,Site,https://intranet.poc.com/sites/DemoSite2,contoso.intranet.wsp,Features.csv,False,https://intranet.poc.com/,N/A
Portal_Content_02,a3fed161-004e-4a9c-bb07-1966f27f2cab,Contoso.Intranet - Site Default,Site,https://intranet.poc.com/sites/DcDemo1,contoso.intranet.wsp,Features.csv,False,https://intranet.poc.com/,N/A
Portal_Content_02,a3fed161-004e-4a9c-bb07-1966f27f2cab,Contoso.Intranet - Site Default,Site,https://intranet.poc.com/sites/DcDemo2,contoso.intranet.wsp,Features.csv,False,https://intranet.poc.com/,N/A
Portal_Content_02,a3fed161-004e-4a9c-bb07-1966f27f2cab,Contoso.Intranet - Site Default,Site,https://intranet.poc.com/sites/HariEdoc1,contoso.intranet.wsp,Features.csv,False,https://intranet.poc.com/,N/A
Portal_Content_02,a3fed161-004e-4a9c-bb07-1966f27f2cab,Contoso.Intranet - Site Default,Site,https://intranet.poc.com/sites/DcDemo3,contoso.intranet.wsp,Features.csv,False,https://intranet.poc.com/,N/A
Portal_Content_02,a3fed161-004e-4a9c-bb07-1966f27f2cab,Contoso.Intranet - Site Default,Site,https://intranet.poc.com/sites/WebPartTeamSite,contoso.intranet.wsp,Features.csv,False,https://intranet.poc.com/,N/A
Portal_Content_02,a3fed161-004e-4a9c-bb07-1966f27f2cab,Contoso.Intranet - Site Default,Site,https://intranet.poc.com/sites/WebPartPubSite,contoso.intranet.wsp,Features.csv,False,https://intranet.poc.com/,N/A
Portal_Content_02,a3fed161-004e-4a9c-bb07-1966f27f2cab,Contoso.Intranet - Site Default,Site,https://intranet.poc.com/sites/TestPubSite,contoso.intranet.wsp,Features.csv,False,https://intranet.poc.com/,N/A
Portal_Content_02,a3fed161-004e-4a9c-bb07-1966f27f2cab,Contoso.Intranet - Site Default,Site,https://intranet.poc.com/sites/RashBlog,contoso.intranet.wsp,Features.csv,False,https://intranet.poc.com/,N/A
Portal_Content_02,c2f9c992-99b0-4ee7-8e48-5d9949e77d3d,,Web,https://intranet.poc.com/sites/TestContosoTeamSite_bckup2,contoso.intranet.wsp,Features.csv,False,https://intranet.poc.com/,https://intranet.poc.com/sites/TestContosoTeamSite_bckup2/TestChildContosoTeamSite
Portal_Content_02,c2f9c992-99b0-4ee7-8e48-5d9949e77d3d,,Web,https://intranet.poc.com/sites/TestContosoTeamSite_bckup2,contoso.intranet.wsp,Features.csv,False,https://intranet.poc.com/,https://intranet.poc.com/sites/TestContosoTeamSite_bckup2/TestChildPubSIte
Portal_Content_02,7e2ab32f-6903-44b9-affc-8f31360bfbbb,Contoso.Intranet - Site Default Publishing,Site,https://intranet.poc.com/sites/TestContosoTeamSite_bckup2,contoso.intranet.wsp,Features.csv,False,https://intranet.poc.com/,N/A
Portal_Content_02,ca596be2-ef4a-48c1-8467-9f59124f7ed9,Contoso.WebPart2 Feature1,Site,https://intranet.poc.com/sites/TestPubSite,contoso.webpart2.wsp,Features.csv,False,https://intranet.poc.com/,N/A
Portal_Content_02,825bf18e-0efe-4b70-946b-a06bcef1dff3,CreateCustomPolicies - Declaratively create content types with Policies,Site,https://intranet.poc.com/sites/DcCenterSC1,createcustompolicies.wsp,Features.csv,False,https://intranet.poc.com/,N/A
Portal_Content_02,22a32747-dde1-4814-8b1d-e23709d17c83,CustomCTVS Feature1,Web,https://intranet.poc.com/sites/CTERTesting,customctvs.wsp,Features.csv,N/A,https://intranet.poc.com/,https://intranet.poc.com/sites/CTERTesting
Portal_Content_02,22a32747-dde1-4814-8b1d-e23709d17c83,CustomCTVS Feature1,Web,https://intranet.poc.com/sites/HariPoc2,customctvs.wsp,Features.csv,N/A,https://intranet.poc.com/,https://intranet.poc.com/sites/HariPoc2
Portal_Content_02,b9fa9670-fd6a-40c7-be4b-0b55866a97a2,CustomEventReceiverTest Feature1,Web,https://intranet.poc.com/sites/CTERTesting,customeventreceivertest.wsp,Features.csv,N/A,https://intranet.poc.com/,https://intranet.poc.com/sites/CTERTesting
Portal_Content_02,d60e130f-2cf6-4607-8a75-8c45c2898cc0,CustomFeatureER Feature1,Site,https://intranet.poc.com/sites/CTERTesting,customfeatureer.wsp,Features.csv,False,https://intranet.poc.com/,N/A
Portal_Content_02,57ded087-885b-45aa-becb-5dacf3d16c4d,CustomWFVS Feature2,Web,https://intranet.poc.com/sites/TestPubSite,customwfvs.wsp,Features.csv,False,https://intranet.poc.com/,https://intranet.poc.com/sites/TestPubSite
Portal_Content_02,3e7c5f59-0df2-4582-bf5d-06c92745fc5d,ERFeatureTest Feature1,Web,https://intranet.poc.com/sites/HariPoc2,erfeaturetest.wsp,Features.csv,N/A,https://intranet.poc.com/,https://intranet.poc.com/sites/HariPoc2
Portal_Content_02,da620525-6fc2-495c-9350-0fda59e005c2,EvalMasterPage Feature,Site,https://intranet.poc.com/sites/PublishingSiteForMasterPageTesting,evalmasterpage.wsp,Features.csv,N/A,https://intranet.poc.com/,N/A
Portal_Content_02,6633bed0-6d85-4517-bdae-71c0f556b2e4,ERCT Feature1,Web,https://intranet.poc.com/sites/AnubhavCTER_1,erct.wsp,Features.csv,N/A,https://intranet.poc.com/,https://intranet.poc.com/sites/AnubhavCTER_1
Portal_Content_02,6633bed0-6d85-4517-bdae-71c0f556b2e4,ERCT Feature1,Web,https://intranet.poc.com/sites/AnubhavCTER_2,erct.wsp,Features.csv,N/A,https://intranet.poc.com/,https://intranet.poc.com/sites/AnubhavCTER_2
Portal_Content_02,9c47a716-9de7-42b7-a6c4-18310575c4c6,EventReceivers - Site Collection Feature,Site,https://intranet.poc.com/sites/ertest,eventreceivers.wsp,Features.csv,False,https://intranet.poc.com/,N/A
Portal_Content_02,7a43d000-1288-4fd7-ba9f-d7936e32d91d,FERCustom Feature1,Web,https://intranet.poc.com/sites/CTERTesting,fercustom.wsp,Features.csv,False,https://intranet.poc.com/,https://intranet.poc.com/sites/CTERTesting
Portal_Content_02,4184eeae-598c-46c7-8c3d-518d064f42c9,FTCMasterPageOne Feature1,Site,https://intranet.poc.com/sites/TestPubSite,ftcmasterpageone.wsp,Features.csv,False,https://intranet.poc.com/,N/A
Portal_Content_02,4184eeae-598c-46c7-8c3d-518d064f42c9,FTCMasterPageOne Feature1,Site,https://intranet.poc.com/sites/ShellPoc,ftcmasterpageone.wsp,Features.csv,False,https://intranet.poc.com/,N/A
Portal_Content_02,34726d5b-e047-49dd-a56f-64a59f824683,FTCMasterPageOne RashCustomMasterPage,Site,https://intranet.poc.com/sites/TestPubSite,ftcmasterpageone.wsp,Features.csv,False,https://intranet.poc.com/,N/A
Portal_Content_02,75bd038f-1356-4aa8-b1c4-e923feac2c48,FTCVisualWebPart Feature1,Site,https://intranet.poc.com/sites/WebPartPubSite,ftcvisualwebpart.wsp,Features.csv,False,https://intranet.poc.com/,N/A
Portal_Content_02,75bd038f-1356-4aa8-b1c4-e923feac2c48,FTCVisualWebPart Feature1,Site,https://intranet.poc.com/sites/WebPartTeamSite,ftcvisualwebpart.wsp,Features.csv,False,https://intranet.poc.com/,N/A
Portal_Content_02,96967f04-bb8f-45b9-8bb0-62d079022346,GPUserAddedWPScope_GPUserAddedWPScope,WebApplication,N/A,gpuseraddedwpscope.wsp,Features.csv,N/A,https://intranet.poc.com/,N/A
Portal_Content_02,d073413c-3bd4-4fcc-a0ff-61e0e8043843,JDP.Transformation.DisableFeatureActivation Control,WebApplication,N/A,jdp.transformation.disablefeatureactivation.wsp,Features.csv,N/A,https://intranet.poc.com/,N/A
Portal_Content_02,3b046173-8ed3-4a32-ab47-f69d94204284,PlanetCTWithER Feature1,Web,https://intranet.poc.com/sites/DemoSite2,planetctwither.wsp,Features.csv,N/A,https://intranet.poc.com/,https://intranet.poc.com/sites/DemoSite2
Portal_Content_02,3b046173-8ed3-4a32-ab47-f69d94204284,PlanetCTWithER Feature1,Web,https://intranet.poc.com/sites/AnubhavDocCenter3,planetctwither.wsp,Features.csv,N/A,https://intranet.poc.com/,https://intranet.poc.com/sites/AnubhavDocCenter3
Portal_Content_02,3b046173-8ed3-4a32-ab47-f69d94204284,PlanetCTWithER Feature1,Web,https://intranet.poc.com/sites/HariEdoc1,planetctwither.wsp,Features.csv,N/A,https://intranet.poc.com/,https://intranet.poc.com/sites/HariEdoc1
Portal_Content_02,3b046173-8ed3-4a32-ab47-f69d94204284,PlanetCTWithER Feature1,Web,https://intranet.poc.com/sites/RashBlog,planetctwither.wsp,Features.csv,N/A,https://intranet.poc.com/,https://intranet.poc.com/sites/RashBlog
Portal_Content_02,3b046173-8ed3-4a32-ab47-f69d94204284,PlanetCTWithER Feature1,Web,https://intranet.poc.com/sites/PriyaTestSiteTemplate,planetctwither.wsp,Features.csv,N/A,https://intranet.poc.com/,https://intranet.poc.com/sites/PriyaTestSiteTemplate
Portal_Content_02,3b046173-8ed3-4a32-ab47-f69d94204284,PlanetCTWithER Feature1,Web,https://intranet.poc.com/sites/HariPoc2,planetctwither.wsp,Features.csv,N/A,https://intranet.poc.com/,https://intranet.poc.com/sites/HariPoc2
Portal_Content_02,3b046173-8ed3-4a32-ab47-f69d94204284,PlanetCTWithER Feature1,Web,https://intranet.poc.com/sites/AnubhavCTER_1,planetctwither.wsp,Features.csv,N/A,https://intranet.poc.com/,https://intranet.poc.com/sites/AnubhavCTER_1
Portal_Content_02,3b046173-8ed3-4a32-ab47-f69d94204284,PlanetCTWithER Feature1,Web,https://intranet.poc.com/sites/CTERTesting,planetctwither.wsp,Features.csv,N/A,https://intranet.poc.com/,https://intranet.poc.com/sites/CTERTesting
Portal_Content_02,3d1fc365-fdc7-4d94-92e2-3d85e95a2bee,PMTCustomWebPartTEstOne Feature1,Site,https://intranet.poc.com/sites/WebPartPubSite,pmtcustomwebparttestone.wsp,Features.csv,False,https://intranet.poc.com/,N/A
Portal_Content_02,7dc545f5-1e25-48c9-bea2-98d81bf8fa8c,PMTWebPartTestTwo Feature1,Site,https://intranet.poc.com/sites/WebPartTeamSite,pmtwebparttesttwo.wsp,Features.csv,False,https://intranet.poc.com/,N/A
Portal_Content_02,d410e817-6255-4fc0-928f-2ac6e16ce56c,SampleCTEREnv Feature1,Web,https://intranet.poc.com/sites/CTERTesting,samplecterenv.wsp,Features.csv,N/A,https://intranet.poc.com/,https://intranet.poc.com/sites/CTERTesting
Portal_Content_02,61e02b35-ccc0-4deb-a818-b61b0db6dddc,SharePointFeatureDemo,Site,https://intranet.poc.com/sites/PriyaTest1,sharepointfeature.wsp,Features.csv,False,https://intranet.poc.com/,N/A
Portal_Content_02,203a0574-99c4-44ce-a810-6eef884b2ece,SiteLevlvelEventReceiver Feature1,Site,https://intranet.poc.com/sites/HariPoc2,sitelevlveleventreceiver.wsp,Features.csv,N/A,https://intranet.poc.com/,N/A
Portal_Content_02,8bda461e-efde-4a5e-834f-560ad2323660,Converted workflows,Site,https://intranet.poc.com/sites/PriyaTestWF,workflowimporttest.wsp,Features.csv,N/A,https://intranet.poc.com/,N/A
Portal_Content_02,a7407913-0c3b-4bc7-8391-c9d3346cd09a,YBBEST Add Event Receiver To ContentType Item,Web,https://intranet.poc.com/sites/ertest,ybbest.addeventreceivertocontenttype.wsp,Features.csv,N/A,https://intranet.poc.com/,https://intranet.poc.com/sites/ertest
Portal_Content_02,a7407913-0c3b-4bc7-8391-c9d3346cd09a,YBBEST Add Event Receiver To ContentType Item,Web,https://intranet.poc.com/sites/PriyaTestSiteTemplate,ybbest.addeventreceivertocontenttype.wsp,Features.csv,N/A,https://intranet.poc.com/,https://intranet.poc.com/sites/PriyaTestSiteTemplate
Portal_Content_02,a7407913-0c3b-4bc7-8391-c9d3346cd09a,YBBEST Add Event Receiver To ContentType Item,Web,https://intranet.poc.com/sites/DcDemo1,ybbest.addeventreceivertocontenttype.wsp,Features.csv,N/A,https://intranet.poc.com/,https://intranet.poc.com/sites/DcDemo1
Portal_Content_02,a7407913-0c3b-4bc7-8391-c9d3346cd09a,YBBEST Add Event Receiver To ContentType Item,Web,https://intranet.poc.com/sites/HariPoc2,ybbest.addeventreceivertocontenttype.wsp,Features.csv,N/A,https://intranet.poc.com/,https://intranet.poc.com/sites/HariPoc2
Portal_Content_02,a7407913-0c3b-4bc7-8391-c9d3346cd09a,YBBEST Add Event Receiver To ContentType Item,Web,https://intranet.poc.com/sites/AnubhavCTER_1,ybbest.addeventreceivertocontenttype.wsp,Features.csv,N/A,https://intranet.poc.com/,https://intranet.poc.com/sites/AnubhavCTER_1
Portal_Content_02,7dbae1fd-e811-4dd7-a676-ca90fd97a80d,WorkflowTest2010,Site,https://intranet.poc.com/sites/PriyaFeatureTest,workflowtest2010.wsp,Features.csv,N/A,https://intranet.poc.com/,N/A
Portal_Content_02,cf04b8de-41d9-45b0-a9e7-84f3b87f280d,FeatureEvtTest Feature2,Web,https://intranet.poc.com/sites/AnubhavCTER_1,N/A,Test-SPContentDB,False,https://intranet.poc.com/,https://intranet.poc.com/sites/AnubhavCTER_1
Portal_Content_02,028c6db3-2052-463d-bfaf-d02da0902652,FeatureEventReceiverTest Feature1,Site,https://intranet.poc.com/sites/CTERTesting,N/A,Test-SPContentDB,False,https://intranet.poc.com/,N/A
Portal_Content_02,65ca24ee-a7ad-4da0-9016-e1df2723e934,EventReceiverTestForEvalSite Feature1,Web,https://intranet.poc.com/sites/ertest,N/A,Test-SPContentDB,False,https://intranet.poc.com/,https://intranet.poc.com/sites/ertest
Portal_Content_02,65ca24ee-a7ad-4da0-9016-e1df2723e934,EventReceiverTestForEvalSite Feature1,Web,https://intranet.poc.com/sites/RashBlog,N/A,Test-SPContentDB,False,https://intranet.poc.com/,https://intranet.poc.com/sites/RashBlog
My_Content_01,7435ae5c-91b5-4f0e-8c96-de5e77207e9c,Contoso.ContentType Test Blank,WebApplication,N/A,contoso.contenttype.wsp,Features.csv,N/A,https://mysite.poc.com/,N/A
My_Content_01,d0ba6fff-18b8-4fcf-8813-ae448726f676,FilesInRootModule Feature1,Web,https://mysite.poc.com/,filesinrootmodule.wsp,Features.csv,False,https://mysite.poc.com/,https://mysite.poc.com/rashsubsiteone
My_Content_01,d0ba6fff-18b8-4fcf-8813-ae448726f676,FilesInRootModule Feature1,Web,https://mysite.poc.com/,filesinrootmodule.wsp,Features.csv,False,https://mysite.poc.com/,https://mysite.poc.com/rashsubsiteone/rashsubsubsiteone
My_Content_01,96967f04-bb8f-45b9-8bb0-62d079022346,GPUserAddedWPScope_GPUserAddedWPScope,WebApplication,N/A,gpuseraddedwpscope.wsp,Features.csv,N/A,https://mysite.poc.com/,N/A
My_Content_01,1f93a6ed-d5b1-4014-afb1-8ad26bc9a1cf,Site Guardian for Site Collections,Site,https://mysite.poc.com/,N/A,Test-SPContentDB,False,https://mysite.poc.com/,N/A
My_Content_02,7435ae5c-91b5-4f0e-8c96-de5e77207e9c,Contoso.ContentType Test Blank,WebApplication,N/A,contoso.contenttype.wsp,Features.csv,N/A,https://mysite.poc.com/,N/A
My_Content_02,96967f04-bb8f-45b9-8bb0-62d079022346,GPUserAddedWPScope_GPUserAddedWPScope,WebApplication,N/A,gpuseraddedwpscope.wsp,Features.csv,N/A,https://mysite.poc.com/,N/A
PPE_Partner_Content_01,94119a41-a585-4cb8-bd5a-d17dd3dc5f5b,Aviva Branding Feature,Web,https://partner.poc.com/sites/Test1,aviva.oneintranet.solution.web.wsp,Features.csv,False,https://partner.poc.com/,https://partner.poc.com/sites/Test1
PPE_Partner_Content_01,c98a153d-0ab8-41f7-97e6-780afbffa2d1,Aviva edit metadata team page and settings link,Web,https://partner.poc.com/sites/Test1,aviva.oneintranet.solution.web.wsp,Features.csv,False,https://partner.poc.com/,https://partner.poc.com/sites/Test1
PPE_Partner_Content_01,49c19eed-4588-41a4-92fa-2d842eb137c4,Provisioning feature for the Aviva OneIntranet solution.,Site,https://partner.poc.com/sites/Test1,aviva.oneintranet.solution.web.wsp,Features.csv,False,https://partner.poc.com/,N/A
PPE_Partner_Content_01,828a6edd-0ae3-415e-b4dc-c315635fe74d,Swap master page,Web,https://partner.poc.com/sites/Test1,aviva.oneintranet.solution.web.wsp,Features.csv,False,https://partner.poc.com/,https://partner.poc.com/sites/Test1
PPE_Partner_Content_01,86ee9185-85b6-4dbd-960c-5cac92850092,Aviva Video Web Part,Site,https://partner.poc.com/sites/Test1,aviva.oneintranet.solution.web.wsp,Features.csv,False,https://partner.poc.com/,N/A
PPE_Partner_Content_01,073c4e60-6d38-42a7-83fe-c27a230a3747,Aviva Video Ribbon,Site,https://partner.poc.com/sites/Test1,aviva.oneintranet.solution.web.wsp,Features.csv,False,https://partner.poc.com/,N/A
PPE_Partner_Content_01,7435ae5c-91b5-4f0e-8c96-de5e77207e9c,Contoso.ContentType Test Blank,WebApplication,N/A,contoso.contenttype.wsp,Features.csv,N/A,https://partner.poc.com/,N/A
PPE_Partner_Content_01,96967f04-bb8f-45b9-8bb0-62d079022346,GPUserAddedWPScope_GPUserAddedWPScope,WebApplication,N/A,gpuseraddedwpscope.wsp,Features.csv,N/A,https://partner.poc.com/,N/A
Team_Content_01,a2428e6d-8fbc-428d-8abb-6332cc5c4d3c,AnubhavContentTypeER SiteColumns,Site,https://teams.poc.com/sites/DTTesting,anubhavcontenttypeer.wsp,Features.csv,False,https://teams.poc.com/,N/A
Team_Content_01,82a16e50-d128-49d9-b387-8ba7882bd69b,AnubhavContentTypeER ContentType,Site,https://teams.poc.com/sites/DTTesting,anubhavcontenttypeer.wsp,Features.csv,False,https://teams.poc.com/,N/A
Team_Content_01,94119a41-a585-4cb8-bd5a-d17dd3dc5f5b,Aviva Branding Feature,Web,https://teams.poc.com/sites/Test2,aviva.oneintranet.solution.web.wsp,Features.csv,False,https://teams.poc.com/,https://teams.poc.com/sites/Test2
Team_Content_01,c98a153d-0ab8-41f7-97e6-780afbffa2d1,Aviva edit metadata team page and settings link,Web,https://teams.poc.com/sites/Test2,aviva.oneintranet.solution.web.wsp,Features.csv,False,https://teams.poc.com/,https://teams.poc.com/sites/Test2
Team_Content_01,49c19eed-4588-41a4-92fa-2d842eb137c4,Provisioning feature for the Aviva OneIntranet solution.,Site,https://teams.poc.com/sites/Test2,aviva.oneintranet.solution.web.wsp,Features.csv,False,https://teams.poc.com/,N/A
Team_Content_01,0ab4190a-afca-4824-955f-7ec81aae7670,Scheduled Advert List,Web,https://teams.poc.com/sites/PreMTListDeleteTest,aviva.oneintranet.solution.web.wsp,Features.csv,False,https://teams.poc.com/,https://teams.poc.com/sites/PreMTListDeleteTest
Team_Content_01,828a6edd-0ae3-415e-b4dc-c315635fe74d,Swap master page,Web,https://teams.poc.com/sites/Test2,aviva.oneintranet.solution.web.wsp,Features.csv,False,https://teams.poc.com/,https://teams.poc.com/sites/Test2
Team_Content_01,86ee9185-85b6-4dbd-960c-5cac92850092,Aviva Video Web Part,Site,https://teams.poc.com/sites/Test2,aviva.oneintranet.solution.web.wsp,Features.csv,False,https://teams.poc.com/,N/A
Team_Content_01,073c4e60-6d38-42a7-83fe-c27a230a3747,Aviva Video Ribbon,Site,https://teams.poc.com/sites/Test2,aviva.oneintranet.solution.web.wsp,Features.csv,False,https://teams.poc.com/,N/A
Team_Content_01,7435ae5c-91b5-4f0e-8c96-de5e77207e9c,Contoso.ContentType Test Blank,WebApplication,N/A,contoso.contenttype.wsp,Features.csv,N/A,https://teams.poc.com/,N/A
Team_Content_01,9f372db0-fa25-4c59-bd73-39862db2fcd9,Contoso.ContentType Feature,Site,https://teams.poc.com/sites/DTTesting,contoso.contenttype.wsp,Features.csv,False,https://teams.poc.com/,N/A
Team_Content_01,ac1d0639-b16c-46d8-beb9-e1c3645af5ae,Contoso.EventReceiver,Web,https://teams.poc.com/sites/PnPValidation,contoso.contenttype.wsp,Features.csv,False,https://teams.poc.com/,https://teams.poc.com/sites/PnPValidation
Team_Content_01,ac1d0639-b16c-46d8-beb9-e1c3645af5ae,Contoso.EventReceiver,Web,https://teams.poc.com/sites/DTTesting,contoso.contenttype.wsp,Features.csv,False,https://teams.poc.com/,https://teams.poc.com/sites/DTTesting
Team_Content_01,6c966619-5d5c-400c-b193-396b5238aee3,Contoso.DeployFiles,Site,https://teams.poc.com/sites/DeployFiles,contoso.deployfiles.wsp,Features.csv,False,https://teams.poc.com/,N/A
Team_Content_01,7e2ab32f-6903-44b9-affc-8f31360bfbbb,Contoso.Intranet - Site Default Publishing,Site,https://teams.poc.com/sites/RashTeamSiteOne,contoso.intranet.wsp,Features.csv,False,https://teams.poc.com/,N/A
Team_Content_01,7e2ab32f-6903-44b9-affc-8f31360bfbbb,Contoso.Intranet - Site Default Publishing,Site,https://teams.poc.com/sites/PMTTestPSONE,contoso.intranet.wsp,Features.csv,False,https://teams.poc.com/,N/A
Team_Content_01,4a066dc6-1bee-4a07-bb13-46781558d994,CustomEventReceiverOne itemAddedER,Site,https://teams.poc.com/sites/RashDevSiteOne,customeventreceiverone.wsp,Features.csv,False,https://teams.poc.com/,N/A
Team_Content_01,4a066dc6-1bee-4a07-bb13-46781558d994,CustomEventReceiverOne itemAddedER,Site,https://teams.poc.com/sites/TestingTeamSite,customeventreceiverone.wsp,Features.csv,False,https://teams.poc.com/,N/A
Team_Content_01,e80e232c-7b1a-4b6e-bad4-4bf62664cdd5,CustomAspxPages Feature1,Web,https://teams.poc.com/sites/test,customaspxpages.wsp,Features.csv,False,https://teams.poc.com/,https://teams.poc.com/sites/test
Team_Content_01,fb154ba8-16ec-40f6-b77b-905d9d5d9cbc,CTSCAnalysisForPMT Feature1,Web,https://teams.poc.com/sites/RashDevSiteOne,ctscanalysisforpmt.wsp,Features.csv,False,https://teams.poc.com/,https://teams.poc.com/sites/RashDevSiteOne
Team_Content_01,fb154ba8-16ec-40f6-b77b-905d9d5d9cbc,CTSCAnalysisForPMT Feature1,Site,https://teams.poc.com/sites/HariCTFIX1,ctscanalysisforpmt.wsp,Features.csv,False,https://teams.poc.com/,N/A
Team_Content_01,fb154ba8-16ec-40f6-b77b-905d9d5d9cbc,CTSCAnalysisForPMT Feature1,Site,https://teams.poc.com/sites/DTTesting,ctscanalysisforpmt.wsp,Features.csv,False,https://teams.poc.com/,N/A
Team_Content_01,5d6bc4d7-16bf-4e9a-9006-cfd14b9f27fb,CTFromFTC Feature1,Web,https://teams.poc.com/sites/RashDevSiteOne,ctfromftc.wsp,Features.csv,False,https://teams.poc.com/,https://teams.poc.com/sites/RashDevSiteOne
Team_Content_01,5d6bc4d7-16bf-4e9a-9006-cfd14b9f27fb,CTFromFTC Feature1,Web,https://teams.poc.com/sites/RashTeamSiteOne,ctfromftc.wsp,Features.csv,False,https://teams.poc.com/,https://teams.poc.com/sites/RashTeamSiteOne
Team_Content_01,2135e033-71b2-40d6-a53f-2ce916c7ab67,CustomField Feature1,Web,https://teams.poc.com/sites/DTTesting,customfield.wsp,Features.csv,False,https://teams.poc.com/,https://teams.poc.com/sites/DTTesting
Team_Content_01,2135e033-71b2-40d6-a53f-2ce916c7ab67,CustomField Feature1,Web,https://teams.poc.com/sites/PreMtTesting,customfield.wsp,Features.csv,False,https://teams.poc.com/,https://teams.poc.com/sites/PreMtTesting
Team_Content_01,2eb75b1e-e869-4664-9f0b-4088cc2f7a3b,CustomEventReceivers Feature1,Web,https://teams.poc.com/sites/RashDevSiteOne,customeventreceivers.wsp,Features.csv,False,https://teams.poc.com/,https://teams.poc.com/sites/RashDevSiteOne
Team_Content_01,2eb75b1e-e869-4664-9f0b-4088cc2f7a3b,CustomEventReceivers Feature1,Web,https://teams.poc.com/sites/PnPValidation,customeventreceivers.wsp,Features.csv,False,https://teams.poc.com/,https://teams.poc.com/sites/PnPValidation/Subsite1
Team_Content_01,2eb75b1e-e869-4664-9f0b-4088cc2f7a3b,CustomEventReceivers Feature1,Web,https://teams.poc.com/sites/TestingTeamSite,customeventreceivers.wsp,Features.csv,False,https://teams.poc.com/,https://teams.poc.com/sites/TestingTeamSite/TestingTeamSubSiteOne
Team_Content_01,2eb75b1e-e869-4664-9f0b-4088cc2f7a3b,CustomEventReceivers Feature1,Web,https://teams.poc.com/sites/ProvisioningOnPremise,customeventreceivers.wsp,Features.csv,False,https://teams.poc.com/,https://teams.poc.com/sites/ProvisioningOnPremise/SubSiteOne
Team_Content_01,d60e130f-2cf6-4607-8a75-8c45c2898cc0,CustomFeatureER Feature1,Site,https://teams.poc.com/sites/DTTesting,customfeatureer.wsp,Features.csv,False,https://teams.poc.com/,N/A
Team_Content_01,728cd1d5-c22f-4060-984d-d38207152c68,CustomEventReceiverThree Feature1,Web,https://teams.poc.com/sites/RashTeamSiteOne,customeventreceiverthree.wsp,Features.csv,False,https://teams.poc.com/,https://teams.poc.com/sites/RashTeamSiteOne
Team_Content_01,728cd1d5-c22f-4060-984d-d38207152c68,CustomEventReceiverThree Feature1,Web,https://teams.poc.com/sites/DTTesting,customeventreceiverthree.wsp,Features.csv,False,https://teams.poc.com/,https://teams.poc.com/sites/DTTesting
Team_Content_01,45cb9840-705f-410d-acd0-fe1e53b60e81,CustomEventReceiverTwo Feature1,Site,https://teams.poc.com/sites/RashDevSiteOne,customeventreceivertwo.wsp,Features.csv,False,https://teams.poc.com/,N/A
Team_Content_01,4a015108-ce50-463b-bc9e-9b5e99f6b63e,CustomSiteDefinition Feature1,Site,https://teams.poc.com/sites/RashTeamSiteOne,customsitedefinition.wsp,Features.csv,False,https://teams.poc.com/,N/A
Team_Content_01,32ccfe5b-e2ff-43e1-a66c-ede7c995250a,CustomSiteColumnandContentType Feature1,Web,https://teams.poc.com/sites/DTTesting,customsitecolumnandcontenttype.wsp,Features.csv,False,https://teams.poc.com/,https://teams.poc.com/sites/DTTesting
Team_Content_01,0a489b2b-0b0e-4810-93a7-b5bceb810561,TestFieldType Feature1,Web,https://teams.poc.com/sites/test,divcustomfieldtype2.wsp,Features.csv,False,https://teams.poc.com/,https://teams.poc.com/sites/test
Team_Content_01,0a489b2b-0b0e-4810-93a7-b5bceb810561,TestFieldType Feature1,Site,https://teams.poc.com/sites/divTestSite,divcustomfieldtype2.wsp,Features.csv,False,https://teams.poc.com/,N/A
Team_Content_01,c7daf4ff-358b-4679-a55a-d5308144ec29,DivSampleProject Feature1,Web,https://teams.poc.com/sites/divTestSite,divsampleproject.wsp,Features.csv,False,https://teams.poc.com/,https://teams.poc.com/sites/divTestSite
Team_Content_01,c7daf4ff-358b-4679-a55a-d5308144ec29,DivSampleProject Feature1,Web,https://teams.poc.com/sites/DTTesting,divsampleproject.wsp,Features.csv,False,https://teams.poc.com/,https://teams.poc.com/sites/DTTesting
Team_Content_01,9c47a716-9de7-42b7-a6c4-18310575c4c6,EventReceivers - Site Collection Feature,Site,https://teams.poc.com/sites/DTTesting,eventreceivers.wsp,Features.csv,False,https://teams.poc.com/,N/A
Team_Content_01,da186b10-409b-48dc-a2d4-24262e806125,EventReceivers - List Instance,Web,https://teams.poc.com/sites/DTTesting,eventreceivers.wsp,Features.csv,False,https://teams.poc.com/,https://teams.poc.com/sites/DTTesting
Team_Content_01,5cc6648f-1b59-40a3-b683-6d72f3106faf,EventReceivers Content Types,Site,https://teams.poc.com/sites/DTTesting,eventreceivers.wsp,Features.csv,False,https://teams.poc.com/,N/A
Team_Content_01,2570fd82-25b0-4374-81d0-f3e1770a66ac,FarmSolutionFeature Feature1,Web,https://teams.poc.com/sites/PMTTestTEamOne,farmsolutionfeature.wsp,Features.csv,False,https://teams.poc.com/,https://teams.poc.com/sites/PMTTestTEamOne
Team_Content_01,2570fd82-25b0-4374-81d0-f3e1770a66ac,FarmSolutionFeature Feature1,Web,https://teams.poc.com/sites/DTTesting,farmsolutionfeature.wsp,Features.csv,False,https://teams.poc.com/,https://teams.poc.com/sites/DTTesting
Team_Content_01,05858f38-a897-4e80-92fc-88eedfaf0d8d,FeatureReceiver Feature1,Web,https://teams.poc.com/sites/DTTesting,featurereceiver.wsp,Features.csv,False,https://teams.poc.com/,https://teams.poc.com/sites/DTTesting
Team_Content_01,d0ba6fff-18b8-4fcf-8813-ae448726f676,FilesInRootModule Feature1,Web,https://teams.poc.com/personal/ads_brownda,filesinrootmodule.wsp,Features.csv,False,https://teams.poc.com/,https://teams.poc.com/personal/ads_brownda/ingalls/PsBookClub
Team_Content_01,d0ba6fff-18b8-4fcf-8813-ae448726f676,FilesInRootModule Feature1,Web,https://teams.poc.com/personal/ads_brownda,filesinrootmodule.wsp,Features.csv,False,https://teams.poc.com/,https://teams.poc.com/personal/ads_brownda/cameron
Team_Content_01,d0ba6fff-18b8-4fcf-8813-ae448726f676,FilesInRootModule Feature1,Web,https://teams.poc.com/personal/ads_brownda,filesinrootmodule.wsp,Features.csv,False,https://teams.poc.com/,https://teams.poc.com/personal/ads_brownda/cameron/ASL
Team_Content_01,4e9378ef-5784-498f-9709-2df2e3b7bdb5,FTCCTandSC Feature1,Web,https://teams.poc.com/sites/DTTesting,ftcctandsc.wsp,Features.csv,False,https://teams.poc.com/,https://teams.poc.com/sites/DTTesting
Team_Content_01,c7401bb0-bfc1-4a19-b7b1-775480f98d96,FTCContentType Feature1,Web,https://teams.poc.com/sites/RashDevSiteOne,ftccontenttype.wsp,Features.csv,False,https://teams.poc.com/,https://teams.poc.com/sites/RashDevSiteOne
Team_Content_01,6c5042b1-3e35-4c9f-a379-8e10268803bc,FTCCTSC Feature1,Web,https://teams.poc.com/sites/DTTesting,ftcctsc.wsp,Features.csv,False,https://teams.poc.com/,https://teams.poc.com/sites/DTTesting
Team_Content_01,e6322a72-797c-4cd3-bb91-987dc9b3ff1e,FTCCustomListER Feature1,Web,https://teams.poc.com/sites/RashTeamSiteOne,ftccustomlister.wsp,Features.csv,False,https://teams.poc.com/,https://teams.poc.com/sites/RashTeamSiteOne
Team_Content_01,375e707b-93c4-4e84-be6a-fcd4f8744cbb,FTCListItemER Feature1,Web,https://teams.poc.com/sites/RashTeamSiteOne,ftclistitemer.wsp,Features.csv,False,https://teams.poc.com/,https://teams.poc.com/sites/RashTeamSiteOne
Team_Content_01,04a45833-932b-4048-ac83-0491af47e60d,FTCVisualWebPartTesting Feature1,Site,https://teams.poc.com/sites/DTTesting,ftcvisualwebparttesting.wsp,Features.csv,False,https://teams.poc.com/,N/A
Team_Content_01,4184eeae-598c-46c7-8c3d-518d064f42c9,FTCMasterPageOne Feature1,Site,https://teams.poc.com/sites/PMTTestPSONE,ftcmasterpageone.wsp,Features.csv,False,https://teams.poc.com/,N/A
Team_Content_01,4184eeae-598c-46c7-8c3d-518d064f42c9,FTCMasterPageOne Feature1,Site,https://teams.poc.com/sites/DTTesting,ftcmasterpageone.wsp,Features.csv,False,https://teams.poc.com/,N/A
Team_Content_01,75bd038f-1356-4aa8-b1c4-e923feac2c48,FTCVisualWebPart Feature1,Site,https://teams.poc.com/sites/deletesiteteamsite,ftcvisualwebpart.wsp,Features.csv,False,https://teams.poc.com/,N/A
Team_Content_01,75bd038f-1356-4aa8-b1c4-e923feac2c48,FTCVisualWebPart Feature1,Site,https://teams.poc.com/sites/DTTesting,ftcvisualwebpart.wsp,Features.csv,False,https://teams.poc.com/,N/A
Team_Content_01,96967f04-bb8f-45b9-8bb0-62d079022346,GPUserAddedWPScope_GPUserAddedWPScope,WebApplication,N/A,gpuseraddedwpscope.wsp,Features.csv,N/A,https://teams.poc.com/,N/A
Team_Content_01,d073413c-3bd4-4fcc-a0ff-61e0e8043843,JDP.Transformation.DisableFeatureActivation Control,WebApplication,N/A,jdp.transformation.disablefeatureactivation.wsp,Features.csv,N/A,https://teams.poc.com/,N/A
Team_Content_01,e9a3cac0-d2eb-4ff5-b2dd-bf7d0dc42c51,FTCWebPart Feature1,Site,https://teams.poc.com/sites/DTTesting,ftcwebpart.wsp,Features.csv,False,https://teams.poc.com/,N/A
Team_Content_01,91c431c2-6ca5-44c2-9b7c-f5ffc41b4554,ISBN_Field_Type Feature1,Web,https://teams.poc.com/sites/DTTesting,isbn_field_type.wsp,Features.csv,False,https://teams.poc.com/,https://teams.poc.com/sites/DTTesting
Team_Content_01,f0aa7e41-d055-42c3-8a93-760ec0f737ec,MissingWebPartPageCheck Feature1,Web,https://teams.poc.com/sites/PMTTestPSONE,missingwebpartpagecheck.wsp,Features.csv,False,https://teams.poc.com/,https://teams.poc.com/sites/PMTTestPSONE
Team_Content_01,c5cef19b-c93d-4b04-b0f1-905e275195f8,myvwebpart Feature1,Site,https://teams.poc.com/sites/deletesiteteamsite,myvwebpart.wsp,Features.csv,False,https://teams.poc.com/,N/A
Team_Content_01,c5cef19b-c93d-4b04-b0f1-905e275195f8,myvwebpart Feature1,Site,https://teams.poc.com/sites/DTTesting,myvwebpart.wsp,Features.csv,False,https://teams.poc.com/,N/A
Team_Content_01,3b046173-8ed3-4a32-ab47-f69d94204284,CTER Feature1,Web,https://teams.poc.com/sites/RashTeamSiteOne,planetctwither.wsp,Features.csv,N/A,https://teams.poc.com/,https://teams.poc.com/sites/RashTeamSiteOne
Team_Content_01,3b046173-8ed3-4a32-ab47-f69d94204284,CTER Feature1,Web,https://teams.poc.com/sites/divTestSite,planetctwither.wsp,Features.csv,N/A,https://teams.poc.com/,https://teams.poc.com/sites/divTestSite
Team_Content_01,3d1fc365-fdc7-4d94-92e2-3d85e95a2bee,PMTCustomWebPartTEstOne Feature1,Site,https://teams.poc.com/sites/RashTeamSiteOne,pmtcustomwebparttestone.wsp,Features.csv,False,https://teams.poc.com/,N/A
Team_Content_01,7dc545f5-1e25-48c9-bea2-98d81bf8fa8c,PMTWebPartTestTwo Feature1,Site,https://teams.poc.com/sites/PMTTestPSONE,pmtwebparttesttwo.wsp,Features.csv,False,https://teams.poc.com/,N/A
Team_Content_01,5fb5313a-011a-4a0c-aff2-409f0bcefdd4,SCFTC_Test Feature1,Web,https://teams.poc.com/sites/RashTeamSiteOne,scftc_test.wsp,Features.csv,False,https://teams.poc.com/,https://teams.poc.com/sites/RashTeamSiteOne
Team_Content_01,555d391c-65d5-4c2f-9544-83651ed592fc,teamsitedeletedsetupfiletest Feature1,Web,https://teams.poc.com/sites/deletesiteteamsite,teamsitedeletedsetupfiletest.wsp,Features.csv,False,https://teams.poc.com/,https://teams.poc.com/sites/deletesiteteamsite
Team_Content_01,c42fd765-5e9a-415a-a16e-eda18ab1a654,tester Feature1,Web,https://teams.poc.com/sites/deletesiteteamsite,tester.wsp,Features.csv,N/A,https://teams.poc.com/,https://teams.poc.com/sites/deletesiteteamsite
Team_Content_01,d1861bd7-c146-4e15-b28d-309a846990d1,TiRaWebPart Feature1,Site,https://teams.poc.com/sites/RashTeamSiteOne,tirawebpart.wsp,Features.csv,N/A,https://teams.poc.com/,N/A
Team_Content_01,1cd50f86-e87a-4cd3-ae5f-5304925e5557,TestSiteDefinitionOne Feature1,Site,https://teams.poc.com/sites/RashTeamSiteOne,testsitedefinitionone.wsp,Features.csv,N/A,https://teams.poc.com/,N/A
Team_Content_01,1cd50f86-e87a-4cd3-ae5f-5304925e5557,TestSiteDefinitionOne Feature1,Site,https://teams.poc.com/sites/divTestSite,testsitedefinitionone.wsp,Features.csv,N/A,https://teams.poc.com/,N/A
Team_Content_01,1cd50f86-e87a-4cd3-ae5f-5304925e5557,TestSiteDefinitionOne Feature1,Site,https://teams.poc.com/sites/DTTesting,testsitedefinitionone.wsp,Features.csv,N/A,https://teams.poc.com/,N/A
Team_Content_01,39321814-1222-4f9b-833a-8d67d06773cc,TestWP Feature1,Site,https://teams.poc.com/sites/RashTeamSiteOne,testwp.wsp,Features.csv,N/A,https://teams.poc.com/,N/A
Team_Content_01,39321814-1222-4f9b-833a-8d67d06773cc,TestWP Feature1,Site,https://teams.poc.com/sites/DTTesting,testwp.wsp,Features.csv,N/A,https://teams.poc.com/,N/A
Team_Content_01,442fb4d3-8e88-45c6-bf76-a1a73adbcec2,TestListDef Feature1,Site,https://teams.poc.com/sites/PreMTListDeleteTest,testlistdef.wsp,Features.csv,N/A,https://teams.poc.com/,N/A
Team_Content_01,442fb4d3-8e88-45c6-bf76-a1a73adbcec2,TestListDef Feature1,Site,https://teams.poc.com/sites/DTTesting,testlistdef.wsp,Features.csv,N/A,https://teams.poc.com/,N/A
Team_Content_01,822b854f-ad97-49c7-b15a-f820fcb54443,TestWebPartOne Feature1,Site,https://teams.poc.com/sites/divTestSite,testwebpartone.wsp,Features.csv,False,https://teams.poc.com/,N/A
Team_Content_01,78806d7a-83b6-4f75-820e-2278f37f1b1b,TiRaWebPart2 Feature1,Site,https://teams.poc.com/sites/RashTeamSiteOne,tirawebpart2.wsp,Features.csv,N/A,https://teams.poc.com/,N/A
Team_Content_01,cbb83bae-cf38-4c83-a74c-823a5548fea6,WebPartUsingFarmSolution Feature1,Site,https://teams.poc.com/sites/PMTTestTEamOne,webpartusingfarmsolution.wsp,Features.csv,N/A,https://teams.poc.com/,N/A
Team_Content_01,cbb83bae-cf38-4c83-a74c-823a5548fea6,WebPartUsingFarmSolution Feature1,Site,https://teams.poc.com/sites/DTTesting,webpartusingfarmsolution.wsp,Features.csv,N/A,https://teams.poc.com/,N/A
Team_Content_01,a7407913-0c3b-4bc7-8391-c9d3346cd09a,YBBEST Add Event Receiver To ContentType Item,Web,https://teams.poc.com/sites/DTTesting,ybbest.addeventreceivertocontenttype.wsp,Features.csv,N/A,https://teams.poc.com/,https://teams.poc.com/sites/DTTesting
Team_Content_01,44d8127f-1784-4f64-a181-14d4450d72ae,HariFTCCustomList Feature1,Web,https://teams.poc.com/sites/RashDevSiteOne,N/A,Test-SPContentDB,False,https://teams.poc.com/,https://teams.poc.com/sites/RashDevSiteOne
Team_Content_01,0b1585bb-b94c-4184-ab20-6e27116cfa25,Feature_FTCSB Feature1,Web,https://teams.poc.com/sites/HariCTTest,N/A,Test-SPContentDB,False,https://teams.poc.com/,https://teams.poc.com/sites/HariCTTest
Team_Content_01,1c2b49ce-26f9-4be9-8379-77a9ebc15426,HariFTC1 Feature1,Web,https://teams.poc.com/sites/RashDevSiteOne,N/A,Test-SPContentDB,False,https://teams.poc.com/,https://teams.poc.com/sites/RashDevSiteOne
Team_Content_01,1f93a6ed-d5b1-4014-afb1-8ad26bc9a1cf,Site Guardian for Site Collections,Site,https://teams.poc.com/sites/contenthub,N/A,Test-SPContentDB,False,https://teams.poc.com/,N/A
Team_Content_01,a6d94f3d-6a50-4bcb-b06d-9ec309c518f7,CustomER5 Feature1,Web,https://teams.poc.com/sites/RashTeamSiteOne,N/A,Test-SPContentDB,False,https://teams.poc.com/,https://teams.poc.com/sites/RashTeamSiteOne
Team_Content_01,a6d94f3d-6a50-4bcb-b06d-9ec309c518f7,CustomER5 Feature1,Web,https://teams.poc.com/sites/divTestSite,N/A,Test-SPContentDB,False,https://teams.poc.com/,https://teams.poc.com/sites/divTestSite
Team_Content_01,646b6387-4d49-4d21-8a9c-cd6cc2fb47dd,PMTTestHariCustomList Feature1,Web,https://teams.poc.com/sites/RashDevSiteOne,N/A,Test-SPContentDB,False,https://teams.poc.com/,https://teams.poc.com/sites/RashDevSiteOne
Team_Content_01,6de4c3c3-2ae1-4902-95a3-d34081ba0740,PMTFTCCustomList Feature1,Web,https://teams.poc.com/sites/RashDevSiteOne,N/A,Test-SPContentDB,False,https://teams.poc.com/,https://teams.poc.com/sites/RashDevSiteOne
Team_Content_01,6de4c3c3-2ae1-4902-95a3-d34081ba0740,PMTFTCCustomList Feature1,Web,https://teams.poc.com/sites/RashTeamSiteOne,N/A,Test-SPContentDB,False,https://teams.poc.com/,https://teams.poc.com/sites/RashTeamSiteOne
Team_Content_01,58edcf9d-2194-43cf-9e5c-d39005c50b94,TestCustomListOne Feature1,Web,https://teams.poc.com/sites/RashTeamSiteOne,N/A,Test-SPContentDB,False,https://teams.poc.com/,https://teams.poc.com/sites/RashTeamSiteOne
Team_Content_New,f0f9a242-5c29-4750-8f7a-c11d00635c33,Anubhav_SiteColumns Feature1,Site,https://teams.poc.com/sites/TestERVidhi,anubhav_sitecolumns.wsp,Features.csv,False,https://teams.poc.com/,N/A
Team_Content_New,7435ae5c-91b5-4f0e-8c96-de5e77207e9c,Contoso.ContentType Test Blank,WebApplication,N/A,contoso.contenttype.wsp,Features.csv,N/A,https://teams.poc.com/,N/A
Team_Content_New,9b705f18-e2bc-4e59-aa0e-218dd1b86a45,BlockAddingSBSol Feature1,Site,https://teams.poc.com/sites/BlockAddingSBSolutions,blockaddingsbsol.wsp,Features.csv,N/A,https://teams.poc.com/,N/A
Team_Content_New,68458954-c00b-436f-99dd-9c8b6dec97b1,ContentTypeUsageTesting Feature1,Web,https://teams.poc.com/sites/TestERVidhi,contenttypeusagetesting.wsp,Features.csv,False,https://teams.poc.com/,https://teams.poc.com/sites/TestERVidhi
Team_Content_New,ac1d0639-b16c-46d8-beb9-e1c3645af5ae,Contoso.EventReceiver,Web,https://teams.poc.com/sites/TestERVidhi,contoso.contenttype.wsp,Features.csv,False,https://teams.poc.com/,https://teams.poc.com/sites/TestERVidhi
Team_Content_New,7e2ab32f-6903-44b9-affc-8f31360bfbbb,Contoso.Intranet - Site Default Publishing,Site,https://teams.poc.com/sites/DocSiteSC,contoso.intranet.wsp,Features.csv,False,https://teams.poc.com/,N/A
Team_Content_New,728cd1d5-c22f-4060-984d-d38207152c68,CustomEventReceiverThree Feature1,Web,https://teams.poc.com/sites/TestERVidhi,customeventreceiverthree.wsp,Features.csv,False,https://teams.poc.com/,https://teams.poc.com/sites/TestERVidhi
Team_Content_New,32ccfe5b-e2ff-43e1-a66c-ede7c995250a,CustomSiteColumnandContentType Feature1,Web,https://teams.poc.com/sites/TestERVidhi,customsitecolumnandcontenttype.wsp,Features.csv,False,https://teams.poc.com/,https://teams.poc.com/sites/TestERVidhi
Team_Content_New,9c47a716-9de7-42b7-a6c4-18310575c4c6,EventReceivers - Site Collection Feature,Site,https://teams.poc.com/sites/TestERVidhi,eventreceivers.wsp,Features.csv,False,https://teams.poc.com/,N/A
Team_Content_New,4e9378ef-5784-498f-9709-2df2e3b7bdb5,FTCCTandSC Feature1,Web,https://teams.poc.com/sites/TestERVidhi,ftcctandsc.wsp,Features.csv,False,https://teams.poc.com/,https://teams.poc.com/sites/TestERVidhi
Team_Content_New,6c5042b1-3e35-4c9f-a379-8e10268803bc,FTCCTSC Feature1,Web,https://teams.poc.com/sites/TestERVidhi,ftcctsc.wsp,Features.csv,False,https://teams.poc.com/,https://teams.poc.com/sites/TestERVidhi
Team_Content_New,96967f04-bb8f-45b9-8bb0-62d079022346,GPUserAddedWPScope_GPUserAddedWPScope,WebApplication,N/A,gpuseraddedwpscope.wsp,Features.csv,N/A,https://teams.poc.com/,N/A
Team_Content_New,d073413c-3bd4-4fcc-a0ff-61e0e8043843,JDP.Transformation.DisableFeatureActivation Control,WebApplication,N/A,jdp.transformation.disablefeatureactivation.wsp,Features.csv,N/A,https://teams.poc.com/,N/A
Team_Content_New,3b046173-8ed3-4a32-ab47-f69d94204284,PlanetCTWithER Feature1,Web,https://teams.poc.com/sites/TestERVidhi,planetctwither.wsp,Features.csv,N/A,https://teams.poc.com/,https://teams.poc.com/sites/TestERVidhi
Team_Content_New,d410e817-6255-4fc0-928f-2ac6e16ce56c,SampleCTEREnv Feature1,Web,https://teams.poc.com/sites/TestERVidhi,samplecterenv.wsp,Features.csv,N/A,https://teams.poc.com/,https://teams.poc.com/sites/TestERVidhi
Team_Content_New,d1861bd7-c146-4e15-b28d-309a846990d1,TiRaWebPart Feature1,Site,https://teams.poc.com/sites/RashPublishing,tirawebpart.wsp,Features.csv,N/A,https://teams.poc.com/,N/A
