Comments,ContentDatabase,ContentTypeORListID,CustomFieldId,CustomFieldInternalName,CustomFieldListTitle,CustomFieldScope,CustomFieldTitle,CustomFieldType,DeleteTransactionId,FeatureID,FeatureName,isFromFeature,ListCreatedDate,SiteCollection,SolutionID,SolutionName,Source,WebApplication,WebUrl
ContentTypes Table,Portal_Content_01,0x19F3A41470325D4DA644E5EFBB9AA4E7,14a4f319-3270-4d5d-a644-e5efbb9aa4e7,Anubhav_2,N/A,https://intranet.poc.com/sites/Anubhav_02Oct_3,anubhav_2,FavoriteColorField,0x,N/A,N/A,False,N/A,https://intranet.poc.com/sites/Anubhav_02Oct_3,N/A,customfield.wsp,Site Column Field,https://intranet.poc.com/,https://intranet.poc.com/sites/Anubhav_02Oct_3
ContentTypes Table,Portal_Content_01,0x25C9AC0DEC451146A52C166EB06A626A,0dacc925-45ec-4611-a52c-166eb06a626a,FieldType_Subsite_11,N/A,https://intranet.poc.com/sites/Anubhav_02Oct_3/Test_1,fieldtype_subsite_1,FavoriteColorField,0x,N/A,N/A,False,N/A,https://intranet.poc.com/sites/Anubhav_02Oct_3,N/A,customfield.wsp,Site Column Field,https://intranet.poc.com/,https://intranet.poc.com/sites/Anubhav_02Oct_3/Test_1
ContentTypes Table,Portal_Content_01,0x28BA6061B76BB742AE69EEBCCF222F5B,6160ba28-6bb7-42b7-ae69-eebccf222f5b,OOTB_SiteColumnNoUsage,N/A,https://intranet.poc.com/sites/SampleAppCSOM,ootb_sitecolumnnousage,FavoriteColorField,0x,N/A,N/A,False,N/A,https://intranet.poc.com/sites/SampleAppCSOM,N/A,customfield.wsp,Site Column Field,https://intranet.poc.com/,https://intranet.poc.com/sites/SampleAppCSOM
ContentTypes Table,Portal_Content_01,0x2E25A26B93A5AE4B979CC759595CE389,6ba2252e-a593-4bae-979c-c759595ce389,OOTB_EMAIL_SC2,N/A,https://intranet.poc.com/sites/AnubhavTest1,ootb_email_sc2,Email,0x,N/A,N/A,False,N/A,https://intranet.poc.com/sites/AnubhavTest1,N/A,customfieldtype_email.wsp,Site Column Field,https://intranet.poc.com/,https://intranet.poc.com/sites/AnubhavTest1
ContentTypes Table,Portal_Content_01,0x2FFA0AF45B0DCD4E9866FEE22EC7687E,f40afa2f-0d5b-4ecd-9866-fee22ec7687e,Test_x0020_Field,N/A,https://intranet.poc.com/sites/AnubhavTeamSiteTest,test field,FavoriteColorField,0x,N/A,N/A,False,N/A,https://intranet.poc.com/sites/AnubhavTeamSiteTest,N/A,customfield.wsp,Site Column Field,https://intranet.poc.com/,https://intranet.poc.com/sites/AnubhavTeamSiteTest
ContentTypes Table,Portal_Content_01,0x4BC73006EA874B40B569789279B78A01,0630c74b-87ea-404b-b569-789279b78a01,FieldType_Subsite_1,N/A,https://intranet.poc.com/sites/Anubhav_02Oct_3/Test_1,fieldtype_subsite_1,FavoriteColorField,0x,N/A,N/A,False,N/A,https://intranet.poc.com/sites/Anubhav_02Oct_3,N/A,customfield.wsp,Site Column Field,https://intranet.poc.com/,https://intranet.poc.com/sites/Anubhav_02Oct_3/Test_1
ContentTypes Table,Portal_Content_01,0x6788A3912BE16448B958FE345BB905AE,91a38867-e12b-4864-b958-fe345bb905ae,OOTB_SiteColumn1,N/A,https://intranet.poc.com/sites/SampleAppCSOM,ootb_sitecolumn1,FavoriteColorField,0x,N/A,N/A,False,N/A,https://intranet.poc.com/sites/SampleAppCSOM,N/A,customfield.wsp,Site Column Field,https://intranet.poc.com/,https://intranet.poc.com/sites/SampleAppCSOM
ContentTypes Table,Portal_Content_01,0x6A9255072000ED44A9ACE0316449801E,0755926a-0020-44ed-a9ac-e0316449801e,emai_test1,N/A,https://intranet.poc.com/sites/AnubhavTeamSiteTest,emai_test1,Email,0x,N/A,N/A,False,N/A,https://intranet.poc.com/sites/AnubhavTeamSiteTest,N/A,customfieldtype_email.wsp,Site Column Field,https://intranet.poc.com/,https://intranet.poc.com/sites/AnubhavTeamSiteTest
ContentTypes Table,Portal_Content_01,0x7AA4FF56BCD623429B1E989FB5355E75,56ffa47a-d6bc-4223-9b1e-989fb5355e75,OOTB_SC7,N/A,https://intranet.poc.com/sites/AnubhavTest1/Subsite1,ootb_sc7,FavoriteColorField,0x,N/A,N/A,False,N/A,https://intranet.poc.com/sites/AnubhavTest1,N/A,customfield.wsp,Site Column Field,https://intranet.poc.com/,https://intranet.poc.com/sites/AnubhavTest1/Subsite1
ContentTypes Table,Portal_Content_01,0x807C5AFCBE82244ABA27ED33976A2C2C,fc5a7c80-82be-4a24-ba27-ed33976a2c2c,OOTB_SC2,N/A,https://intranet.poc.com/sites/AnubhavTest1,ootb_sc2,FavoriteColorField,0x,N/A,N/A,False,N/A,https://intranet.poc.com/sites/AnubhavTest1,N/A,customfield.wsp,Site Column Field,https://intranet.poc.com/,https://intranet.poc.com/sites/AnubhavTest1
ContentTypes Table,Portal_Content_01,0x887606A3ADF03A4F8F5BB80583769989,a3067688-f0ad-4f3a-8f5b-b80583769989,OOTB_SiteCol1,N/A,https://intranet.poc.com/sites/RajTeam4,ootb_sitecol1,FavoriteColorField,0x,N/A,N/A,False,N/A,https://intranet.poc.com/sites/RajTeam4,N/A,customfield.wsp,Site Column Field,https://intranet.poc.com/,https://intranet.poc.com/sites/RajTeam4
ContentTypes Table,Portal_Content_01,0x959CD0E6ADAFC845BC60C2661D3C9DB3,e6d09c95-afad-45c8-bc60-c2661d3c9db3,FieldType_1,N/A,https://intranet.poc.com/sites/Anubhav_02Oct_3,fieldtype_1,FavoriteColorField,0x,N/A,N/A,False,N/A,https://intranet.poc.com/sites/Anubhav_02Oct_3,N/A,customfield.wsp,Site Column Field,https://intranet.poc.com/,https://intranet.poc.com/sites/Anubhav_02Oct_3
ContentTypes Table,Portal_Content_01,0x9C93B8E4E3C7684C8388ED54F2B0641E,e4b8939c-c7e3-4c68-8388-ed54f2b0641e,OOTB_SC6,N/A,https://intranet.poc.com/sites/AnubhavTest1/Subsite1,ootb_sc6,field2,0x,N/A,N/A,False,N/A,https://intranet.poc.com/sites/AnubhavTest1,N/A,customnewfield.wsp,Site Column Field,https://intranet.poc.com/,https://intranet.poc.com/sites/AnubhavTest1/Subsite1
ContentTypes Table,Portal_Content_01,0xB315FCC8EB45DC49B37585AC1C941D89,c8fc15b3-45eb-49dc-b375-85ac1c941d89,OOTB_Email_SC1,N/A,https://intranet.poc.com/sites/AnubhavTeamSiteTest,ootb_email_sc1,Email,0x,N/A,N/A,False,N/A,https://intranet.poc.com/sites/AnubhavTeamSiteTest,N/A,customfieldtype_email.wsp,Site Column Field,https://intranet.poc.com/,https://intranet.poc.com/sites/AnubhavTeamSiteTest
ContentTypes Table,Portal_Content_01,0xC1D9B9D761111F4D86BBA5A4A49C7615,d7b9d9c1-1161-4d1f-86bb-a5a4a49c7615,OOTB_SiteColumn1,N/A,https://intranet.poc.com/sites/testSite2,ootb_sitecolumn1,FavoriteColorField,0x,N/A,N/A,False,N/A,https://intranet.poc.com/sites/testSite2,N/A,customfield.wsp,Site Column Field,https://intranet.poc.com/,https://intranet.poc.com/sites/testSite2
ContentTypes Table,Portal_Content_01,0xC75DFF15A6677E4E9EC293BE64465113,15ff5dc7-67a6-4e7e-9ec2-93be64465113,OOTB_EMAIL_SC1,N/A,https://intranet.poc.com/sites/AnubhavTest1,ootb_email_sc1,Email,0x,N/A,N/A,False,N/A,https://intranet.poc.com/sites/AnubhavTest1,N/A,customfieldtype_email.wsp,Site Column Field,https://intranet.poc.com/,https://intranet.poc.com/sites/AnubhavTest1
ContentTypes Table,Portal_Content_01,0xE539939A1A82D24095AA82CF3E97267C,9a9339e5-821a-40d2-95aa-82cf3e97267c,FieldType_Subsite_2,N/A,https://intranet.poc.com/sites/Anubhav_02Oct_3/Test_1,fieldtype_subsite_2,FavoriteColorField,0x,N/A,N/A,False,N/A,https://intranet.poc.com/sites/Anubhav_02Oct_3,N/A,customfield.wsp,Site Column Field,https://intranet.poc.com/,https://intranet.poc.com/sites/Anubhav_02Oct_3/Test_1
ContentTypes Table,Portal_Content_01,0xEFBF5CC4F22EFD4EBC7AD198974C65A8,c45cbfef-2ef2-4efd-bc7a-d198974c65a8,OOTB_SC1,N/A,https://intranet.poc.com/sites/AnubhavTest1,ootb_sc1,FavoriteColorField,0x,N/A,N/A,False,N/A,https://intranet.poc.com/sites/AnubhavTest1,N/A,customfield.wsp,Site Column Field,https://intranet.poc.com/,https://intranet.poc.com/sites/AnubhavTest1
ContentTypes Table,Portal_Content_01,0x0100070B1D10FE041643BE21FC53FAE0147C,16e0468d-5cce-4464-8268-836eaa6735c7,WSP_SiteColumn1,N/A,https://intranet.poc.com/sites/testSite2,N/A,FavoriteColorField,0x,2135e033-71b2-40d6-a53f-2ce916c7ab67,CustomField Feature1,False,N/A,https://intranet.poc.com/sites/testSite2,N/A,customfield.wsp,Content Type FieldRef,https://intranet.poc.com/,https://intranet.poc.com/sites/testSite2
ContentTypes Table,Portal_Content_01,0x01000A6BE3DFDD66E848BFF2866B96F14CAA,16e0468d-5cce-4464-8268-836eaa6735c7,WSP_SiteColumn1,N/A,https://intranet.poc.com/sites/Anubhav_02Oct_3,N/A,FavoriteColorField,0x,2135e033-71b2-40d6-a53f-2ce916c7ab67,CustomField Feature1,False,N/A,https://intranet.poc.com/sites/Anubhav_02Oct_3,N/A,customfield.wsp,Content Type FieldRef,https://intranet.poc.com/,https://intranet.poc.com/sites/Anubhav_02Oct_3
ContentTypes Table,Portal_Content_01,0x01005F15C3FC33544386B452B66044ABC813,44f14db3-af04-435f-a644-1f1cbef240be,field2SiteColumn,N/A,https://intranet.poc.com/sites/AnubhavTeamSiteTest,field 2 site column,field2,0x,48e86892-0ec3-4710-b061-26c21702ec21,CustomNewField Feature1,True,N/A,https://intranet.poc.com/sites/AnubhavTeamSiteTest,N/A,customnewfield.wsp,Content Type FieldRef,https://intranet.poc.com/,https://intranet.poc.com/sites/AnubhavTeamSiteTest
ContentTypes Table,Portal_Content_01,0x01006125C815B9AD1C49A520D1A662505C02,16e0468d-5cce-4464-8268-836eaa6735c7,WSP_SiteColumn1,N/A,https://intranet.poc.com/sites/AnubhavTest1,N/A,FavoriteColorField,0x,2135e033-71b2-40d6-a53f-2ce916c7ab67,CustomField Feature1,False,N/A,https://intranet.poc.com/sites/AnubhavTest1,N/A,customfield.wsp,Content Type FieldRef,https://intranet.poc.com/,https://intranet.poc.com/sites/AnubhavTest1
ContentTypes Table,Portal_Content_01,0x010089EC8861D2E04CD0A8E875B2F8A809D3,16e0468d-5cce-4464-8268-836eaa6735c7,WSP_SiteColumn1,N/A,https://intranet.poc.com/sites/Anubhav_02Oct_3,wsp_site column 1,FavoriteColorField,0x,2135e033-71b2-40d6-a53f-2ce916c7ab67,CustomField Feature1,True,N/A,https://intranet.poc.com/sites/Anubhav_02Oct_3,N/A,customfield.wsp,Content Type FieldRef,https://intranet.poc.com/,https://intranet.poc.com/sites/Anubhav_02Oct_3
ContentTypes Table,Portal_Content_01,0x010089EC8861D2E04CD0A8E875B2F8A809D3,16e0468d-5cce-4464-8268-836eaa6735c7,WSP_SiteColumn1,N/A,https://intranet.poc.com/sites/AnubhavTeamSiteTest,wsp_site column 1,FavoriteColorField,0x,2135e033-71b2-40d6-a53f-2ce916c7ab67,CustomField Feature1,True,N/A,https://intranet.poc.com/sites/AnubhavTeamSiteTest,N/A,customfield.wsp,Content Type FieldRef,https://intranet.poc.com/,https://intranet.poc.com/sites/AnubhavTeamSiteTest
ContentTypes Table,Portal_Content_01,0x010089EC8861D2E04CD0A8E875B2F8A809D3,16e0468d-5cce-4464-8268-836eaa6735c7,WSP_SiteColumn1,N/A,https://intranet.poc.com/sites/AnubhavTest1,wsp_site column 1,FavoriteColorField,0x,2135e033-71b2-40d6-a53f-2ce916c7ab67,CustomField Feature1,True,N/A,https://intranet.poc.com/sites/AnubhavTest1,N/A,customfield.wsp,Content Type FieldRef,https://intranet.poc.com/,https://intranet.poc.com/sites/AnubhavTest1
ContentTypes Table,Portal_Content_01,0x010089EC8861D2E04CD0A8E875B2F8A809D3,16e0468d-5cce-4464-8268-836eaa6735c7,WSP_SiteColumn1,N/A,https://intranet.poc.com/sites/RajField1,wsp_site column 1,FavoriteColorField,0x,2135e033-71b2-40d6-a53f-2ce916c7ab67,CustomField Feature1,True,N/A,https://intranet.poc.com/sites/RajField1,N/A,customfield.wsp,Content Type FieldRef,https://intranet.poc.com/,https://intranet.poc.com/sites/RajField1
ContentTypes Table,Portal_Content_01,0x010089EC8861D2E04CD0A8E875B2F8A809D3,16e0468d-5cce-4464-8268-836eaa6735c7,WSP_SiteColumn1,N/A,https://intranet.poc.com/sites/SudhaField1,wsp_site column 1,FavoriteColorField,0x,2135e033-71b2-40d6-a53f-2ce916c7ab67,CustomField Feature1,True,N/A,https://intranet.poc.com/sites/SudhaField1,N/A,customfield.wsp,Content Type FieldRef,https://intranet.poc.com/,https://intranet.poc.com/sites/SudhaField1
ContentTypes Table,Portal_Content_01,0x010089EC8861D2E04CD0A8E875B2F8A809D3,16e0468d-5cce-4464-8268-836eaa6735c7,WSP_SiteColumn1,N/A,https://intranet.poc.com/sites/SudhaTeam2,wsp_site column 1,FavoriteColorField,0x,2135e033-71b2-40d6-a53f-2ce916c7ab67,CustomField Feature1,True,N/A,https://intranet.poc.com/sites/SudhaTeam2,N/A,customfield.wsp,Content Type FieldRef,https://intranet.poc.com/,https://intranet.poc.com/sites/SudhaTeam2
ContentTypes Table,Portal_Content_01,0x010089EC8861D2E04CD0A8E875B2F8A809D3,16e0468d-5cce-4464-8268-836eaa6735c7,WSP_SiteColumn1,N/A,https://intranet.poc.com/sites/RajTeam5,wsp_site column 1,FavoriteColorField,0x,2135e033-71b2-40d6-a53f-2ce916c7ab67,CustomField Feature1,True,N/A,https://intranet.poc.com/sites/RajTeam5,N/A,customfield.wsp,Content Type FieldRef,https://intranet.poc.com/,https://intranet.poc.com/sites/RajTeam5
ContentTypes Table,Portal_Content_01,0x010089EC8861D2E04CD0A8E875B2F8A809D3,16e0468d-5cce-4464-8268-836eaa6735c7,WSP_SiteColumn1,N/A,https://intranet.poc.com/sites/SampleAppCSOM,wsp_site column 1,FavoriteColorField,0x,2135e033-71b2-40d6-a53f-2ce916c7ab67,CustomField Feature1,True,N/A,https://intranet.poc.com/sites/SampleAppCSOM,N/A,customfield.wsp,Content Type FieldRef,https://intranet.poc.com/,https://intranet.poc.com/sites/SampleAppCSOM
ContentTypes Table,Portal_Content_01,0x010089EC8861D2E04CD0A8E875B2F8A809D300E6E7F840DFEF6140AAE26202BF3DD4C8,16e0468d-5cce-4464-8268-836eaa6735c7,WSP_SiteColumn1,N/A,https://intranet.poc.com/sites/AnubhavTest1,wsp_site column 1,FavoriteColorField,0x,2135e033-71b2-40d6-a53f-2ce916c7ab67,CustomField Feature1,False,N/A,https://intranet.poc.com/sites/AnubhavTest1,N/A,customfield.wsp,Content Type FieldRef,https://intranet.poc.com/,https://intranet.poc.com/sites/AnubhavTest1
ContentTypes Table,Portal_Content_01,0x01008C84D96CC0B0F345BBDBD228ADF449B2,16e0468d-5cce-4464-8268-836eaa6735c7,WSP_SiteColumn1,N/A,https://intranet.poc.com/sites/AnubhavTest1,N/A,FavoriteColorField,0x,2135e033-71b2-40d6-a53f-2ce916c7ab67,CustomField Feature1,False,N/A,https://intranet.poc.com/sites/AnubhavTest1,N/A,customfield.wsp,Content Type FieldRef,https://intranet.poc.com/,https://intranet.poc.com/sites/AnubhavTest1
ContentTypes Table,Portal_Content_01,0x01008ED6AA250E7544DFA9C8E61A1ED27695,44f14db3-af04-435f-a644-1f1cbef240be,field2SiteColumn,N/A,https://intranet.poc.com/sites/AnubhavTeamSiteTest,field 2 site column,field2,0x,48e86892-0ec3-4710-b061-26c21702ec21,CustomNewField Feature1,True,N/A,https://intranet.poc.com/sites/AnubhavTeamSiteTest,N/A,customnewfield.wsp,Content Type FieldRef,https://intranet.poc.com/,https://intranet.poc.com/sites/AnubhavTeamSiteTest
ContentTypes Table,Portal_Content_01,0x010096070918B61C294FB12A09497B72A734,16e0468d-5cce-4464-8268-836eaa6735c7,WSP_SiteColumn1,N/A,https://intranet.poc.com/sites/AnubhavTeamSiteTest,N/A,FavoriteColorField,0x,2135e033-71b2-40d6-a53f-2ce916c7ab67,CustomField Feature1,False,N/A,https://intranet.poc.com/sites/AnubhavTeamSiteTest,N/A,customfield.wsp,Content Type FieldRef,https://intranet.poc.com/,https://intranet.poc.com/sites/AnubhavTeamSiteTest
ContentTypes Table,Portal_Content_01,0x0100B9786769468A4BA69F9F83BD4043A819,26894841-0a62-4bea-a96c-f67819acc4e4,BookNumber,N/A,https://intranet.poc.com/sites/DiscoveryTool,book number,ISBN,0x,91c431c2-6ca5-44c2-9b7c-f5ffc41b4554,ISBN_Field_Type Feature1,True,N/A,https://intranet.poc.com/sites/DiscoveryTool,N/A,isbn_field_type.wsp,Content Type FieldRef,https://intranet.poc.com/,https://intranet.poc.com/sites/DiscoveryTool
ContentTypes Table,Portal_Content_01,0x0100B9786769468A4BA69F9F83BD4043A819,26894841-0a62-4bea-a96c-f67819acc4e4,BookNumber,N/A,https://intranet.poc.com/sites/Publishing,book number,ISBN,0x,91c431c2-6ca5-44c2-9b7c-f5ffc41b4554,ISBN_Field_Type Feature1,True,N/A,https://intranet.poc.com/sites/Publishing,N/A,isbn_field_type.wsp,Content Type FieldRef,https://intranet.poc.com/,https://intranet.poc.com/sites/Publishing
From All Lists Table,Portal_Content_01,7e21e12b-f55b-47ae-9a04-904de3ccaa22,16e0468d-5cce-4464-8268-836eaa6735c7,WSP_SiteColumn1,LTAllCTs,N/A,N/A,FavoriteColorField,0x,2135e033-71b2-40d6-a53f-2ce916c7ab67,CustomField Feature1,N/A,9/3/2015 10:17:08 AM,https://intranet.poc.com/sites/vidhiTest6,N/A,customfield.wsp,List Content Types Field,https://intranet.poc.com/,https://intranet.poc.com/sites/vidhiTest6/Sub2/Sub3
From All Lists Table,Portal_Content_01,4cf801f4-5dd6-4b71-9ee8-ee74639351df,16e0468d-5cce-4464-8268-836eaa6735c7,WSP_SiteColumn1,LTAll,N/A,N/A,FavoriteColorField,0x,2135e033-71b2-40d6-a53f-2ce916c7ab67,CustomField Feature1,N/A,9/3/2015 10:17:50 AM,https://intranet.poc.com/sites/vidhiTest6,N/A,customfield.wsp,List Content Types Field,https://intranet.poc.com/,https://intranet.poc.com/sites/vidhiTest6/Sub2/Sub3
From All Lists Table,Portal_Content_01,7521245f-f2fe-468e-9764-1ed9f229c205,16e0468d-5cce-4464-8268-836eaa6735c7,WSP_SiteColumn1,LTAllCTs,N/A,N/A,FavoriteColorField,0x,2135e033-71b2-40d6-a53f-2ce916c7ab67,CustomField Feature1,N/A,9/3/2015 9:13:40 AM,https://intranet.poc.com/sites/vidhiTest3,N/A,customfield.wsp,List Content Types Field,https://intranet.poc.com/,https://intranet.poc.com/sites/vidhiTest3/Sub1
From All Lists Table,Portal_Content_01,bb6a5311-d3ac-4032-9762-4d76bcb75fae,16e0468d-5cce-4464-8268-836eaa6735c7,WSP_SiteColumn1,LTOneOfBoth,N/A,N/A,FavoriteColorField,0x,2135e033-71b2-40d6-a53f-2ce916c7ab67,CustomField Feature1,N/A,9/3/2015 9:14:02 AM,https://intranet.poc.com/sites/vidhiTest3,N/A,customfield.wsp,List Content Types Field,https://intranet.poc.com/,https://intranet.poc.com/sites/vidhiTest3/Sub1
From All Lists Table,Portal_Content_01,c9489a71-1ad6-4cb7-b95d-583a95f9bd16,16e0468d-5cce-4464-8268-836eaa6735c7,WSP_SiteColumn1,LTAll,N/A,N/A,FavoriteColorField,0x,2135e033-71b2-40d6-a53f-2ce916c7ab67,CustomField Feature1,N/A,9/3/2015 9:14:21 AM,https://intranet.poc.com/sites/vidhiTest3,N/A,customfield.wsp,List Content Types Field,https://intranet.poc.com/,https://intranet.poc.com/sites/vidhiTest3/Sub1
From All Lists Table,Portal_Content_01,bf685e48-ccee-442c-b71f-62fde94c1b28,16e0468d-5cce-4464-8268-836eaa6735c7,WSP_SiteColumn1,LTOneOFBoth2,N/A,N/A,FavoriteColorField,0x,2135e033-71b2-40d6-a53f-2ce916c7ab67,CustomField Feature1,N/A,9/3/2015 9:14:12 AM,https://intranet.poc.com/sites/vidhiTest3,N/A,customfield.wsp,List Content Types Field,https://intranet.poc.com/,https://intranet.poc.com/sites/vidhiTest3/Sub1
From All Lists Table,Portal_Content_01,f3a76f13-f7b8-41a1-a0ba-b8aa86da1385,16e0468d-5cce-4464-8268-836eaa6735c7,WSP_SiteColumn1,LTAll,N/A,N/A,FavoriteColorField,0x,2135e033-71b2-40d6-a53f-2ce916c7ab67,CustomField Feature1,N/A,9/3/2015 9:37:45 AM,https://intranet.poc.com/sites/vidhiTest3,N/A,customfield.wsp,List Content Types Field,https://intranet.poc.com/,https://intranet.poc.com/sites/vidhiTest3/Sub1/Sub3/Sub4
From All Lists Table,Portal_Content_01,734a7aee-ed43-4735-b9f5-dc0a80247120,16e0468d-5cce-4464-8268-836eaa6735c7,WSP_SiteColumn1,LTOneOfBoth2',N/A,N/A,FavoriteColorField,0x,2135e033-71b2-40d6-a53f-2ce916c7ab67,CustomField Feature1,N/A,9/3/2015 9:37:33 AM,https://intranet.poc.com/sites/vidhiTest3,N/A,customfield.wsp,List Content Types Field,https://intranet.poc.com/,https://intranet.poc.com/sites/vidhiTest3/Sub1/Sub3/Sub4
From All Lists Table,Portal_Content_01,2488554d-8c4c-4d14-b47a-e1dd42cb5db7,16e0468d-5cce-4464-8268-836eaa6735c7,WSP_SiteColumn1,LTAllCTs,N/A,N/A,FavoriteColorField,0x,2135e033-71b2-40d6-a53f-2ce916c7ab67,CustomField Feature1,N/A,9/3/2015 9:37:08 AM,https://intranet.poc.com/sites/vidhiTest3,N/A,customfield.wsp,List Content Types Field,https://intranet.poc.com/,https://intranet.poc.com/sites/vidhiTest3/Sub1/Sub3/Sub4
From All Lists Table,Portal_Content_01,4fb48f9f-dde6-4c3d-a37d-8d319ddd0c74,16e0468d-5cce-4464-8268-836eaa6735c7,WSP_SiteColumn1,LTAllCTs,N/A,N/A,FavoriteColorField,0x,2135e033-71b2-40d6-a53f-2ce916c7ab67,CustomField Feature1,N/A,9/3/2015 9:21:39 AM,https://intranet.poc.com/sites/vidhiTest3,N/A,customfield.wsp,List Content Types Field,https://intranet.poc.com/,https://intranet.poc.com/sites/vidhiTest3/Sub1/Sub3
From All Lists Table,Portal_Content_01,84523536-5988-49cc-b5c0-ae2fc7f23965,16e0468d-5cce-4464-8268-836eaa6735c7,WSP_SiteColumn1,LTAll,N/A,N/A,FavoriteColorField,0x,2135e033-71b2-40d6-a53f-2ce916c7ab67,CustomField Feature1,N/A,9/3/2015 9:22:15 AM,https://intranet.poc.com/sites/vidhiTest3,N/A,customfield.wsp,List Content Types Field,https://intranet.poc.com/,https://intranet.poc.com/sites/vidhiTest3/Sub1/Sub3
From All Lists Table,Portal_Content_01,949630e2-247e-427d-bb5b-61af802e91cd,5a421132-ba5d-4ff9-87ec-918579426927,EmailAnubhav,Test1,N/A,emailanubhav,Email,0x,N/A,N/A,N/A,1/23/2015 7:11:38 PM,https://intranet.poc.com/sites/DiscoveryTool,N/A,customfieldtype_email.wsp,List Column Field,https://intranet.poc.com/,https://intranet.poc.com/sites/DiscoveryTool
From All Lists Table,Portal_Content_01,949630e2-247e-427d-bb5b-61af802e91cd,43a9bce1-73a2-4074-8d33-3ce3d9745c6e,testing,Test1,N/A,testing,Email,0x,N/A,N/A,N/A,1/23/2015 7:11:38 PM,https://intranet.poc.com/sites/DiscoveryTool,N/A,customfieldtype_email.wsp,List Column Field,https://intranet.poc.com/,https://intranet.poc.com/sites/DiscoveryTool
From All Lists Table,Portal_Content_01,96c0432f-96fd-4387-b2b0-bc35d8482524,d7282681-20ba-415f-83c9-1d38cd3a08b7,Book_x0020_Number,ListUsingCustomFieldType,N/A,book number,ISBN,0x,N/A,N/A,N/A,11/10/2015 10:13:47 AM,https://intranet.poc.com/sites/DiscoveryTool,N/A,isbn_field_type.wsp,List Column Field,https://intranet.poc.com/,https://intranet.poc.com/sites/DiscoveryTool
From All Lists Table,Portal_Content_01,e10f2629-bfd0-44b4-a3b4-fbdd38ee7d62,16e0468d-5cce-4464-8268-836eaa6735c7,WSP_SiteColumn1,LTOneOfBoth,N/A,N/A,FavoriteColorField,0x,2135e033-71b2-40d6-a53f-2ce916c7ab67,CustomField Feature1,N/A,9/3/2015 11:28:41 AM,https://intranet.poc.com/sites/vidhiTest11,N/A,customfield.wsp,List Content Types Field,https://intranet.poc.com/,https://intranet.poc.com/sites/vidhiTest11
From All Lists Table,Portal_Content_01,211f51ef-89e5-4513-a128-32f853dfeefa,16e0468d-5cce-4464-8268-836eaa6735c7,WSP_SiteColumn1,LTOneOfBoth,N/A,N/A,FavoriteColorField,0x,2135e033-71b2-40d6-a53f-2ce916c7ab67,CustomField Feature1,N/A,9/3/2015 11:32:27 AM,https://intranet.poc.com/sites/vidhiTest11,N/A,customfield.wsp,List Content Types Field,https://intranet.poc.com/,https://intranet.poc.com/sites/vidhiTest11/Sub2
From All Lists Table,Portal_Content_01,fc22af12-dafd-418d-90c3-68c21360539f,16e0468d-5cce-4464-8268-836eaa6735c7,WSP_SiteColumn1,LTAll,N/A,N/A,FavoriteColorField,0x,2135e033-71b2-40d6-a53f-2ce916c7ab67,CustomField Feature1,N/A,9/3/2015 11:05:17 AM,https://intranet.poc.com/sites/vidhiTest7,N/A,customfield.wsp,List Content Types Field,https://intranet.poc.com/,https://intranet.poc.com/sites/vidhiTest7
From All Lists Table,Portal_Content_01,2681516a-c54a-470d-bf74-9e30d1517d7f,16e0468d-5cce-4464-8268-836eaa6735c7,WSP_SiteColumn1,LTAllCTs,N/A,N/A,FavoriteColorField,0x,2135e033-71b2-40d6-a53f-2ce916c7ab67,CustomField Feature1,N/A,9/3/2015 11:04:37 AM,https://intranet.poc.com/sites/vidhiTest7,N/A,customfield.wsp,List Content Types Field,https://intranet.poc.com/,https://intranet.poc.com/sites/vidhiTest7
From All Lists Table,Portal_Content_01,d109b101-3454-42a4-a5cf-1f2dd58b6eb2,16e0468d-5cce-4464-8268-836eaa6735c7,WSP_SiteColumn1,LTAllCTs,N/A,N/A,FavoriteColorField,0x,2135e033-71b2-40d6-a53f-2ce916c7ab67,CustomField Feature1,N/A,9/3/2015 5:38:01 AM,https://intranet.poc.com/sites/vidhiTest1,N/A,customfield.wsp,List Content Types Field,https://intranet.poc.com/,https://intranet.poc.com/sites/vidhiTest1
From All Lists Table,Portal_Content_01,2efd5527-c28a-41ac-a89a-23f9c31340c8,16e0468d-5cce-4464-8268-836eaa6735c7,WSP_SiteColumn1,LTOneOfBoth,N/A,N/A,FavoriteColorField,0x,2135e033-71b2-40d6-a53f-2ce916c7ab67,CustomField Feature1,N/A,9/3/2015 5:38:36 AM,https://intranet.poc.com/sites/vidhiTest1,N/A,customfield.wsp,List Content Types FieldRef,https://intranet.poc.com/,https://intranet.poc.com/sites/vidhiTest1
From All Lists Table,Portal_Content_01,2efd5527-c28a-41ac-a89a-23f9c31340c8,16e0468d-5cce-4464-8268-836eaa6735c7,WSP_SiteColumn1,LTOneOfBoth,N/A,wsp_site column 1,FavoriteColorField,0x,2135e033-71b2-40d6-a53f-2ce916c7ab67,CustomField Feature1,N/A,9/3/2015 5:38:36 AM,https://intranet.poc.com/sites/vidhiTest1,N/A,customfield.wsp,List Column Field,https://intranet.poc.com/,https://intranet.poc.com/sites/vidhiTest1
From All Lists Table,Portal_Content_01,37975346-2ce2-4f95-a8b4-f99fb835694d,16e0468d-5cce-4464-8268-836eaa6735c7,WSP_SiteColumn1,LTAll,N/A,N/A,FavoriteColorField,0x,2135e033-71b2-40d6-a53f-2ce916c7ab67,CustomField Feature1,N/A,9/3/2015 5:39:15 AM,https://intranet.poc.com/sites/vidhiTest1,N/A,customfield.wsp,List Content Types Field,https://intranet.poc.com/,https://intranet.poc.com/sites/vidhiTest1
From All Lists Table,Portal_Content_01,00bb9f5e-8a90-473f-b91d-3b06e1107815,058714b3-01b7-4782-829c-d6e3a8384cfc,Isbn,PreMTFieldTypeTest,N/A,isbn,ISBN,0x,N/A,N/A,N/A,12/17/2015 8:52:15 AM,https://intranet.poc.com/sites/Publishing,N/A,isbn_field_type.wsp,List Column Field,https://intranet.poc.com/,https://intranet.poc.com/sites/Publishing
From All Lists Table,Portal_Content_01,fe5c4eb1-273d-4047-bb16-5d318eedeb35,a9976e67-bafe-4c75-ba0a-7836c9c8824a,Email,TestEmailFieldType,N/A,email,Email,0x,N/A,N/A,N/A,11/12/2014 10:43:08 PM,https://intranet.poc.com/sites/TestContosoTeamSite,N/A,customfieldtype_email.wsp,List Column Field,https://intranet.poc.com/,https://intranet.poc.com/sites/TestContosoTeamSite
From All Lists Table,Portal_Content_01,a4a767f6-ead5-4a92-92e8-64b2bd07bd26,16e0468d-5cce-4464-8268-836eaa6735c7,WSP_SiteColumn1,LTAllCTs,N/A,N/A,FavoriteColorField,0x,2135e033-71b2-40d6-a53f-2ce916c7ab67,CustomField Feature1,N/A,9/3/2015 12:42:40 PM,https://intranet.poc.com/sites/vidhiTest10,N/A,customfield.wsp,List Content Types Field,https://intranet.poc.com/,https://intranet.poc.com/sites/vidhiTest10
From All Lists Table,Portal_Content_01,fe2bcbb4-ebd8-46c3-af00-d28bd5a96233,16e0468d-5cce-4464-8268-836eaa6735c7,WSP_SiteColumn1,LTAll,N/A,N/A,FavoriteColorField,0x,2135e033-71b2-40d6-a53f-2ce916c7ab67,CustomField Feature1,N/A,9/3/2015 12:43:16 PM,https://intranet.poc.com/sites/vidhiTest10,N/A,customfield.wsp,List Content Types Field,https://intranet.poc.com/,https://intranet.poc.com/sites/vidhiTest10
From All Lists Table,Portal_Content_01,f57b2a08-563e-4bad-88ac-623ce85d0fde,16e0468d-5cce-4464-8268-836eaa6735c7,WSP_SiteColumn1,LTOneOfBoth2,N/A,N/A,FavoriteColorField,0x,2135e033-71b2-40d6-a53f-2ce916c7ab67,CustomField Feature1,N/A,9/3/2015 11:24:33 AM,https://intranet.poc.com/sites/vidhiTest9,N/A,customfield.wsp,List Content Types Field,https://intranet.poc.com/,https://intranet.poc.com/sites/vidhiTest9/Sub2/Sub3/Sub4
From All Lists Table,Portal_Content_01,5ad38c05-c2af-4bd0-9f66-ab3497dbbaef,16e0468d-5cce-4464-8268-836eaa6735c7,WSP_SiteColumn1,LTAll,N/A,N/A,FavoriteColorField,0x,2135e033-71b2-40d6-a53f-2ce916c7ab67,CustomField Feature1,N/A,9/3/2015 11:24:47 AM,https://intranet.poc.com/sites/vidhiTest9,N/A,customfield.wsp,List Content Types Field,https://intranet.poc.com/,https://intranet.poc.com/sites/vidhiTest9/Sub2/Sub3/Sub4
From All Lists Table,Portal_Content_01,5c73b74b-85a4-4de4-87e5-cbfc7d133dee,16e0468d-5cce-4464-8268-836eaa6735c7,WSP_SiteColumn1,LTAllCTs,N/A,N/A,FavoriteColorField,0x,2135e033-71b2-40d6-a53f-2ce916c7ab67,CustomField Feature1,N/A,9/3/2015 11:24:09 AM,https://intranet.poc.com/sites/vidhiTest9,N/A,customfield.wsp,List Content Types Field,https://intranet.poc.com/,https://intranet.poc.com/sites/vidhiTest9/Sub2/Sub3/Sub4
From All Lists Table,Portal_Content_01,6c8a7d47-1036-47d3-98f6-f890df87a363,16e0468d-5cce-4464-8268-836eaa6735c7,WSP_SiteColumn1,LTOneOfBoth,N/A,N/A,FavoriteColorField,0x,2135e033-71b2-40d6-a53f-2ce916c7ab67,CustomField Feature1,N/A,9/3/2015 11:24:22 AM,https://intranet.poc.com/sites/vidhiTest9,N/A,customfield.wsp,List Content Types Field,https://intranet.poc.com/,https://intranet.poc.com/sites/vidhiTest9/Sub2/Sub3/Sub4
From All Lists Table,Portal_Content_01,399cf2d0-4ba3-499f-bc62-a178402fec43,16e0468d-5cce-4464-8268-836eaa6735c7,WSP_SiteColumn1,LTAllCTs,N/A,N/A,FavoriteColorField,0x,2135e033-71b2-40d6-a53f-2ce916c7ab67,CustomField Feature1,N/A,9/3/2015 10:01:42 AM,https://intranet.poc.com/sites/vidhiTest4,N/A,customfield.wsp,List Content Types Field,https://intranet.poc.com/,https://intranet.poc.com/sites/vidhiTest4
From All Lists Table,Portal_Content_01,901f67db-7448-489b-8086-c810ac5f79d3,16e0468d-5cce-4464-8268-836eaa6735c7,WSP_SiteColumn1,LTAll,N/A,N/A,FavoriteColorField,0x,2135e033-71b2-40d6-a53f-2ce916c7ab67,CustomField Feature1,N/A,9/3/2015 10:02:19 AM,https://intranet.poc.com/sites/vidhiTest4,N/A,customfield.wsp,List Content Types Field,https://intranet.poc.com/,https://intranet.poc.com/sites/vidhiTest4
From All Lists Table,Portal_Content_01,ebbc6b7b-ce82-46e2-9511-c1d3ec1c746f,1d5ecf8a-da44-43f1-8816-c23ed4087e88,Column2,Testing,N/A,column2,ISBN,0x,N/A,N/A,N/A,5/11/2016 7:10:57 AM,https://intranet.poc.com/sites/delSite1,N/A,isbn_field_type.wsp,List Column Field,https://intranet.poc.com/,https://intranet.poc.com/sites/delSite1
From All Lists Table,Portal_Content_01,ebbc6b7b-ce82-46e2-9511-c1d3ec1c746f,dc38797e-d737-493c-92e8-c908800a6dba,Column3Age,Testing,N/A,column3:age,DualLookup,0x,N/A,N/A,N/A,5/11/2016 7:10:57 AM,https://intranet.poc.com/sites/delSite1,N/A,kwizcom sharepoint cascading lookup plus field type 2013 v14.3.00 evaluation.wsp,List Column Field,https://intranet.poc.com/,https://intranet.poc.com/sites/delSite1
From All Lists Table,Portal_Content_01,ebbc6b7b-ce82-46e2-9511-c1d3ec1c746f,0c0459d9-e8fd-4bf5-ae2c-fcd63e7f7b29,Column3Title,Testing,N/A,column3:title,DualLookup,0x,N/A,N/A,N/A,5/11/2016 7:10:57 AM,https://intranet.poc.com/sites/delSite1,N/A,kwizcom sharepoint cascading lookup plus field type 2013 v14.3.00 evaluation.wsp,List Column Field,https://intranet.poc.com/,https://intranet.poc.com/sites/delSite1
From All Lists Table,Portal_Content_01,ebbc6b7b-ce82-46e2-9511-c1d3ec1c746f,e058a5fa-c8aa-4a60-a7fd-813ccd54c255,HariID,Testing,N/A,hari:id,DualLookup,0x,N/A,N/A,N/A,5/11/2016 7:10:57 AM,https://intranet.poc.com/sites/delSite1,N/A,kwizcom sharepoint cascading lookup plus field type 2013 v14.3.00 evaluation.wsp,List Column Field,https://intranet.poc.com/,https://intranet.poc.com/sites/delSite1
From All Lists Table,Portal_Content_01,ebbc6b7b-ce82-46e2-9511-c1d3ec1c746f,adc580b4-dbae-4ec9-82f8-0dee1bcbd103,AgeAge,Testing,N/A,age:age,DualLookup,0x,N/A,N/A,N/A,5/11/2016 7:10:57 AM,https://intranet.poc.com/sites/delSite1,N/A,kwizcom sharepoint cascading lookup plus field type 2013 v14.3.00 evaluation.wsp,List Column Field,https://intranet.poc.com/,https://intranet.poc.com/sites/delSite1
From All Lists Table,Portal_Content_01,ebbc6b7b-ce82-46e2-9511-c1d3ec1c746f,b9c6b89a-27a8-43a2-89c1-c9b92d10e8b3,AgeID,Testing,N/A,age:id,DualLookup,0x,N/A,N/A,N/A,5/11/2016 7:10:57 AM,https://intranet.poc.com/sites/delSite1,N/A,kwizcom sharepoint cascading lookup plus field type 2013 v14.3.00 evaluation.wsp,List Column Field,https://intranet.poc.com/,https://intranet.poc.com/sites/delSite1
From All Lists Table,Portal_Content_01,b14fa1c2-9d5a-4e9f-93d2-0ff6f6c3f82d,16e0468d-5cce-4464-8268-836eaa6735c7,WSP_SiteColumn1,LTOneOfBoth2,N/A,N/A,FavoriteColorField,0x,2135e033-71b2-40d6-a53f-2ce916c7ab67,CustomField Feature1,N/A,9/3/2015 11:09:18 AM,https://intranet.poc.com/sites/vidhitest8,N/A,customfield.wsp,List Content Types Field,https://intranet.poc.com/,https://intranet.poc.com/sites/vidhitest8
From All Lists Table,Portal_Content_01,e65033cc-c13e-4a27-aaa8-7be6c208971a,16e0468d-5cce-4464-8268-836eaa6735c7,WSP_SiteColumn1,LTAll,N/A,N/A,FavoriteColorField,0x,2135e033-71b2-40d6-a53f-2ce916c7ab67,CustomField Feature1,N/A,9/3/2015 11:09:29 AM,https://intranet.poc.com/sites/vidhitest8,N/A,customfield.wsp,List Content Types Field,https://intranet.poc.com/,https://intranet.poc.com/sites/vidhitest8
From All Lists Table,Portal_Content_01,89e04481-044b-47ef-a5a2-d852a585e278,16e0468d-5cce-4464-8268-836eaa6735c7,WSP_SiteColumn1,LTAllCTs,N/A,N/A,FavoriteColorField,0x,2135e033-71b2-40d6-a53f-2ce916c7ab67,CustomField Feature1,N/A,9/3/2015 11:08:52 AM,https://intranet.poc.com/sites/vidhitest8,N/A,customfield.wsp,List Content Types Field,https://intranet.poc.com/,https://intranet.poc.com/sites/vidhitest8
From All Lists Table,Portal_Content_01,526279ad-a5a5-48d1-9926-17c270ccecfd,16e0468d-5cce-4464-8268-836eaa6735c7,WSP_SiteColumn1,LTAllCTs,N/A,N/A,FavoriteColorField,0x,2135e033-71b2-40d6-a53f-2ce916c7ab67,CustomField Feature1,N/A,9/3/2015 11:11:21 AM,https://intranet.poc.com/sites/vidhitest8,N/A,customfield.wsp,List Content Types Field,https://intranet.poc.com/,https://intranet.poc.com/sites/vidhitest8/Sub1
From All Lists Table,Portal_Content_01,90f79f30-de4d-4cef-946f-33168e6d4901,16e0468d-5cce-4464-8268-836eaa6735c7,WSP_SiteColumn1,LTAll,N/A,N/A,FavoriteColorField,0x,2135e033-71b2-40d6-a53f-2ce916c7ab67,CustomField Feature1,N/A,9/3/2015 11:12:05 AM,https://intranet.poc.com/sites/vidhitest8,N/A,customfield.wsp,List Content Types Field,https://intranet.poc.com/,https://intranet.poc.com/sites/vidhitest8/Sub1
From All Lists Table,Portal_Content_01,3ca7de90-bd42-42fc-8a99-60cae3ada66c,16e0468d-5cce-4464-8268-836eaa6735c7,WSP_SiteColumn1,LTOneOfBoth2,N/A,N/A,FavoriteColorField,0x,2135e033-71b2-40d6-a53f-2ce916c7ab67,CustomField Feature1,N/A,9/3/2015 11:11:50 AM,https://intranet.poc.com/sites/vidhitest8,N/A,customfield.wsp,List Content Types Field,https://intranet.poc.com/,https://intranet.poc.com/sites/vidhitest8/Sub1
From All Lists Table,Portal_Content_01,8dd3ccf4-8e0a-4f9f-9607-b8a1b51d47f0,16e0468d-5cce-4464-8268-836eaa6735c7,WSP_SiteColumn1,LTOneOfBoth,N/A,N/A,FavoriteColorField,0x,2135e033-71b2-40d6-a53f-2ce916c7ab67,CustomField Feature1,N/A,9/3/2015 11:11:36 AM,https://intranet.poc.com/sites/vidhitest8,N/A,customfield.wsp,List Content Types Field,https://intranet.poc.com/,https://intranet.poc.com/sites/vidhitest8/Sub1
From All Lists Table,Portal_Content_01,e9d7e2d1-867b-45da-aafd-2d66d87bb970,16e0468d-5cce-4464-8268-836eaa6735c7,WSP_SiteColumn1,LTOneOfBoth,N/A,N/A,FavoriteColorField,0x,2135e033-71b2-40d6-a53f-2ce916c7ab67,CustomField Feature1,N/A,9/3/2015 11:13:46 AM,https://intranet.poc.com/sites/vidhitest8,N/A,customfield.wsp,List Content Types Field,https://intranet.poc.com/,https://intranet.poc.com/sites/vidhitest8/Sub2
From All Lists Table,Portal_Content_01,c1ae5e3f-ec51-45da-8b07-695c2cd8b076,16e0468d-5cce-4464-8268-836eaa6735c7,WSP_SiteColumn1,LTAll,N/A,N/A,FavoriteColorField,0x,2135e033-71b2-40d6-a53f-2ce916c7ab67,CustomField Feature1,N/A,9/3/2015 11:14:13 AM,https://intranet.poc.com/sites/vidhitest8,N/A,customfield.wsp,List Content Types Field,https://intranet.poc.com/,https://intranet.poc.com/sites/vidhitest8/Sub2
From All Lists Table,Portal_Content_01,e6ee765d-84ce-42c5-8b92-885712380c2b,16e0468d-5cce-4464-8268-836eaa6735c7,WSP_SiteColumn1,LTAllCTs,N/A,N/A,FavoriteColorField,0x,2135e033-71b2-40d6-a53f-2ce916c7ab67,CustomField Feature1,N/A,9/3/2015 11:13:32 AM,https://intranet.poc.com/sites/vidhitest8,N/A,customfield.wsp,List Content Types Field,https://intranet.poc.com/,https://intranet.poc.com/sites/vidhitest8/Sub2
From All Lists Table,Portal_Content_01,fad36632-a3f0-428b-94fe-f26061e77465,16e0468d-5cce-4464-8268-836eaa6735c7,WSP_SiteColumn1,LTOneOfBoth2,N/A,N/A,FavoriteColorField,0x,2135e033-71b2-40d6-a53f-2ce916c7ab67,CustomField Feature1,N/A,9/3/2015 11:14:00 AM,https://intranet.poc.com/sites/vidhitest8,N/A,customfield.wsp,List Content Types Field,https://intranet.poc.com/,https://intranet.poc.com/sites/vidhitest8/Sub2
From All Lists Table,Portal_Content_01,77b6c4cf-f5cf-4aa1-b3df-e3d97d9c47b0,16e0468d-5cce-4464-8268-836eaa6735c7,WSP_SiteColumn1,LTALl,N/A,N/A,FavoriteColorField,0x,2135e033-71b2-40d6-a53f-2ce916c7ab67,CustomField Feature1,N/A,9/3/2015 6:31:21 AM,https://intranet.poc.com/sites/vidhiTest2,N/A,customfield.wsp,List Content Types Field,https://intranet.poc.com/,https://intranet.poc.com/sites/vidhiTest2
From All Lists Table,Portal_Content_01,8c41f693-a4d3-4264-8ead-f08c1aa35023,16e0468d-5cce-4464-8268-836eaa6735c7,WSP_SiteColumn1,LTAllCts,N/A,N/A,FavoriteColorField,0x,2135e033-71b2-40d6-a53f-2ce916c7ab67,CustomField Feature1,N/A,9/3/2015 6:30:43 AM,https://intranet.poc.com/sites/vidhiTest2,N/A,customfield.wsp,List Content Types Field,https://intranet.poc.com/,https://intranet.poc.com/sites/vidhiTest2
From All Lists Table,Portal_Content_01,dd44bf5e-da0b-4930-b0f1-ba68e9eda5f2,16e0468d-5cce-4464-8268-836eaa6735c7,WSP_SiteColumn1,LTAllCTs,N/A,N/A,FavoriteColorField,0x,2135e033-71b2-40d6-a53f-2ce916c7ab67,CustomField Feature1,N/A,9/3/2015 6:49:04 AM,https://intranet.poc.com/sites/vidhiTest2,N/A,customfield.wsp,List Content Types Field,https://intranet.poc.com/,https://intranet.poc.com/sites/vidhiTest2/Sub1
From All Lists Table,Portal_Content_01,6045ca98-41e6-45ab-a3f6-cc52fef3aaac,16e0468d-5cce-4464-8268-836eaa6735c7,WSP_SiteColumn1,LTAll,N/A,N/A,FavoriteColorField,0x,2135e033-71b2-40d6-a53f-2ce916c7ab67,CustomField Feature1,N/A,9/3/2015 6:49:42 AM,https://intranet.poc.com/sites/vidhiTest2,N/A,customfield.wsp,List Content Types Field,https://intranet.poc.com/,https://intranet.poc.com/sites/vidhiTest2/Sub1
From All Lists Table,Portal_Content_01,ebbbe3f7-3311-49da-a828-2a3a546de55f,16e0468d-5cce-4464-8268-836eaa6735c7,WSP_SiteColumn1,LTAllCTs,N/A,N/A,FavoriteColorField,0x,2135e033-71b2-40d6-a53f-2ce916c7ab67,CustomField Feature1,N/A,9/3/2015 8:15:49 AM,https://intranet.poc.com/sites/vidhiTest2,N/A,customfield.wsp,List Content Types Field,https://intranet.poc.com/,https://intranet.poc.com/sites/vidhiTest2/Sub2
From All Lists Table,Portal_Content_01,b2cec7c6-7c36-48b8-9db6-7643c8e04ab6,16e0468d-5cce-4464-8268-836eaa6735c7,WSP_SiteColumn1,LTAll,N/A,N/A,FavoriteColorField,0x,2135e033-71b2-40d6-a53f-2ce916c7ab67,CustomField Feature1,N/A,9/3/2015 8:16:37 AM,https://intranet.poc.com/sites/vidhiTest2,N/A,customfield.wsp,List Content Types Field,https://intranet.poc.com/,https://intranet.poc.com/sites/vidhiTest2/Sub2
From All Lists Table,Portal_Content_01,ec0fbc8c-8457-4003-a531-96ccfba28356,16e0468d-5cce-4464-8268-836eaa6735c7,WSP_SiteColumn1,LTOneOfBoth2,N/A,N/A,FavoriteColorField,0x,2135e033-71b2-40d6-a53f-2ce916c7ab67,CustomField Feature1,N/A,9/3/2015 8:16:25 AM,https://intranet.poc.com/sites/vidhiTest2,N/A,customfield.wsp,List Content Types Field,https://intranet.poc.com/,https://intranet.poc.com/sites/vidhiTest2/Sub2
From All Lists Table,Portal_Content_01,731906c2-b2a7-4449-9095-9b8b75fd9a39,16e0468d-5cce-4464-8268-836eaa6735c7,WSP_SiteColumn1,LTOneOfBoth,N/A,N/A,FavoriteColorField,0x,2135e033-71b2-40d6-a53f-2ce916c7ab67,CustomField Feature1,N/A,9/3/2015 8:16:02 AM,https://intranet.poc.com/sites/vidhiTest2,N/A,customfield.wsp,List Content Types Field,https://intranet.poc.com/,https://intranet.poc.com/sites/vidhiTest2/Sub2
From All Lists Table,Portal_Content_01,7ffea2a8-ccf8-4587-855b-077d9cdfd90b,16e0468d-5cce-4464-8268-836eaa6735c7,WSP_SiteColumn1,TestList1,N/A,N/A,FavoriteColorField,0x,2135e033-71b2-40d6-a53f-2ce916c7ab67,CustomField Feature1,N/A,9/17/2015 6:19:20 PM,https://intranet.poc.com/sites/AnubhavTeamSiteTest,N/A,customfield.wsp,List Content Types FieldRef,https://intranet.poc.com/,https://intranet.poc.com/sites/AnubhavTeamSiteTest
From All Lists Table,Portal_Content_01,7ffea2a8-ccf8-4587-855b-077d9cdfd90b,16e0468d-5cce-4464-8268-836eaa6735c7,WSP_SiteColumn1,TestList1,N/A,wsp_site column 1,FavoriteColorField,0x,2135e033-71b2-40d6-a53f-2ce916c7ab67,CustomField Feature1,N/A,9/17/2015 6:19:20 PM,https://intranet.poc.com/sites/AnubhavTeamSiteTest,N/A,customfield.wsp,List Column Field,https://intranet.poc.com/,https://intranet.poc.com/sites/AnubhavTeamSiteTest
From All Lists Table,Portal_Content_01,797e2783-6eea-4e76-97df-1fab35b881f4,16e0468d-5cce-4464-8268-836eaa6735c7,WSP_SiteColumn1,LTOneOfBoth2,N/A,N/A,FavoriteColorField,0x,2135e033-71b2-40d6-a53f-2ce916c7ab67,CustomField Feature1,N/A,9/3/2015 10:04:21 AM,https://intranet.poc.com/sites/vidhiTest5,N/A,customfield.wsp,List Content Types Field,https://intranet.poc.com/,https://intranet.poc.com/sites/vidhiTest5
From All Lists Table,Portal_Content_01,ebb73c82-eb3d-4234-a4da-705eeca76632,16e0468d-5cce-4464-8268-836eaa6735c7,WSP_SiteColumn1,LTAllCTs,N/A,N/A,FavoriteColorField,0x,2135e033-71b2-40d6-a53f-2ce916c7ab67,CustomField Feature1,N/A,9/3/2015 10:03:59 AM,https://intranet.poc.com/sites/vidhiTest5,N/A,customfield.wsp,List Content Types Field,https://intranet.poc.com/,https://intranet.poc.com/sites/vidhiTest5
From All Lists Table,Portal_Content_01,6fbd9c0d-8deb-48c7-9607-f95499e67dc1,16e0468d-5cce-4464-8268-836eaa6735c7,WSP_SiteColumn1,LTAll,N/A,N/A,FavoriteColorField,0x,2135e033-71b2-40d6-a53f-2ce916c7ab67,CustomField Feature1,N/A,9/3/2015 10:04:31 AM,https://intranet.poc.com/sites/vidhiTest5,N/A,customfield.wsp,List Content Types Field,https://intranet.poc.com/,https://intranet.poc.com/sites/vidhiTest5
From All Lists Table,Portal_Content_01,865ab9a8-a5fd-45e3-b8fc-fd963cc85abf,16e0468d-5cce-4464-8268-836eaa6735c7,WSP_SiteColumn1,LTOneOfBoth,N/A,N/A,FavoriteColorField,0x,2135e033-71b2-40d6-a53f-2ce916c7ab67,CustomField Feature1,N/A,9/3/2015 10:04:09 AM,https://intranet.poc.com/sites/vidhiTest5,N/A,customfield.wsp,List Content Types Field,https://intranet.poc.com/,https://intranet.poc.com/sites/vidhiTest5
From All Lists Table,Portal_Content_01,be6d5b42-1610-48e7-beb8-3ff0d8a43535,16e0468d-5cce-4464-8268-836eaa6735c7,WSP_SiteColumn1,LTAllCTs,N/A,N/A,FavoriteColorField,0x,2135e033-71b2-40d6-a53f-2ce916c7ab67,CustomField Feature1,N/A,9/3/2015 10:05:43 AM,https://intranet.poc.com/sites/vidhiTest5,N/A,customfield.wsp,List Content Types Field,https://intranet.poc.com/,https://intranet.poc.com/sites/vidhiTest5/Sub1
From All Lists Table,Portal_Content_01,d18db855-f640-4e7c-87c0-551e97c12081,16e0468d-5cce-4464-8268-836eaa6735c7,WSP_SiteColumn1,LTAll,N/A,N/A,FavoriteColorField,0x,2135e033-71b2-40d6-a53f-2ce916c7ab67,CustomField Feature1,N/A,9/3/2015 10:06:20 AM,https://intranet.poc.com/sites/vidhiTest5,N/A,customfield.wsp,List Content Types Field,https://intranet.poc.com/,https://intranet.poc.com/sites/vidhiTest5/Sub1
From All Lists Table,Portal_Content_01,b2e6e734-f08d-4a42-bf4d-7c74a92a024c,16e0468d-5cce-4464-8268-836eaa6735c7,WSP_SiteColumn1,LTOneOFBoth,N/A,N/A,FavoriteColorField,0x,2135e033-71b2-40d6-a53f-2ce916c7ab67,CustomField Feature1,N/A,9/3/2015 10:05:55 AM,https://intranet.poc.com/sites/vidhiTest5,N/A,customfield.wsp,List Content Types Field,https://intranet.poc.com/,https://intranet.poc.com/sites/vidhiTest5/Sub1
From All Lists Table,Portal_Content_01,787e2d6c-80a6-4b57-80f4-8734d05f3a92,16e0468d-5cce-4464-8268-836eaa6735c7,WSP_SiteColumn1,LTOneOfBoth2,N/A,N/A,FavoriteColorField,0x,2135e033-71b2-40d6-a53f-2ce916c7ab67,CustomField Feature1,N/A,9/3/2015 10:06:11 AM,https://intranet.poc.com/sites/vidhiTest5,N/A,customfield.wsp,List Content Types Field,https://intranet.poc.com/,https://intranet.poc.com/sites/vidhiTest5/Sub1
From All Lists Table,Portal_Content_01,84eeae1e-95af-40b3-a271-f66c5ad433dd,16e0468d-5cce-4464-8268-836eaa6735c7,WSP_SiteColumn1,List1,N/A,N/A,FavoriteColorField,0x,2135e033-71b2-40d6-a53f-2ce916c7ab67,CustomField Feature1,N/A,9/3/2015 9:26:33 PM,https://intranet.poc.com/sites/AnubhavTest1,N/A,customfield.wsp,List Content Types FieldRef,https://intranet.poc.com/,https://intranet.poc.com/sites/AnubhavTest1
From All Lists Table,Portal_Content_01,84eeae1e-95af-40b3-a271-f66c5ad433dd,7724a2be-b844-41f4-ae00-bfbe4c151979,OOTB_EMAIL_SC3,List1,N/A,ootb_email_sc3,Email,0x,N/A,N/A,N/A,9/3/2015 9:26:33 PM,https://intranet.poc.com/sites/AnubhavTest1,N/A,customfieldtype_email.wsp,List Column Field,https://intranet.poc.com/,https://intranet.poc.com/sites/AnubhavTest1
From All Lists Table,Portal_Content_01,84eeae1e-95af-40b3-a271-f66c5ad433dd,6ba2252e-a593-4bae-979c-c759595ce389,OOTB_EMAIL_SC2,List1,N/A,ootb_email_sc2,Email,0x,N/A,N/A,N/A,9/3/2015 9:26:33 PM,https://intranet.poc.com/sites/AnubhavTest1,N/A,customfieldtype_email.wsp,List Column Field,https://intranet.poc.com/,https://intranet.poc.com/sites/AnubhavTest1
From All Lists Table,Portal_Content_01,84eeae1e-95af-40b3-a271-f66c5ad433dd,15ff5dc7-67a6-4e7e-9ec2-93be64465113,OOTB_EMAIL_SC1,List1,N/A,ootb_email_sc1,Email,0x,N/A,N/A,N/A,9/3/2015 9:26:33 PM,https://intranet.poc.com/sites/AnubhavTest1,N/A,customfieldtype_email.wsp,List Column Field,https://intranet.poc.com/,https://intranet.poc.com/sites/AnubhavTest1
From All Lists Table,Portal_Content_01,84eeae1e-95af-40b3-a271-f66c5ad433dd,c45cbfef-2ef2-4efd-bc7a-d198974c65a8,OOTB_SC1,List1,N/A,ootb_sc1,FavoriteColorField,0x,N/A,N/A,N/A,9/3/2015 9:26:33 PM,https://intranet.poc.com/sites/AnubhavTest1,N/A,customfield.wsp,List Column Field,https://intranet.poc.com/,https://intranet.poc.com/sites/AnubhavTest1
From All Lists Table,Portal_Content_01,84eeae1e-95af-40b3-a271-f66c5ad433dd,16e0468d-5cce-4464-8268-836eaa6735c7,WSP_SiteColumn1,List1,N/A,wsp_site column 1,FavoriteColorField,0x,2135e033-71b2-40d6-a53f-2ce916c7ab67,CustomField Feature1,N/A,9/3/2015 9:26:33 PM,https://intranet.poc.com/sites/AnubhavTest1,N/A,customfield.wsp,List Column Field,https://intranet.poc.com/,https://intranet.poc.com/sites/AnubhavTest1
From All Lists Table,Portal_Content_01,84eeae1e-95af-40b3-a271-f66c5ad433dd,fc5a7c80-82be-4a24-ba27-ed33976a2c2c,OOTB_SC2,List1,N/A,ootb_sc2,FavoriteColorField,0x,N/A,N/A,N/A,9/3/2015 9:26:33 PM,https://intranet.poc.com/sites/AnubhavTest1,N/A,customfield.wsp,List Column Field,https://intranet.poc.com/,https://intranet.poc.com/sites/AnubhavTest1
From All Lists Table,Portal_Content_01,01b4b6d5-35b7-4ec1-81e1-f495418eabf5,e4b8939c-c7e3-4c68-8388-ed54f2b0641e,OOTB_SC6,List1,N/A,ootb_sc6,field2,0x,N/A,N/A,N/A,9/2/2015 11:58:44 PM,https://intranet.poc.com/sites/AnubhavTest1,N/A,customnewfield.wsp,List Column Field,https://intranet.poc.com/,https://intranet.poc.com/sites/AnubhavTest1/Subsite1
From All Lists Table,Portal_Content_01,01b4b6d5-35b7-4ec1-81e1-f495418eabf5,56ffa47a-d6bc-4223-9b1e-989fb5355e75,OOTB_SC7,List1,N/A,ootb_sc7,FavoriteColorField,0x,N/A,N/A,N/A,9/2/2015 11:58:44 PM,https://intranet.poc.com/sites/AnubhavTest1,N/A,customfield.wsp,List Column Field,https://intranet.poc.com/,https://intranet.poc.com/sites/AnubhavTest1/Subsite1
From All Lists Table,Portal_Content_01,4b9fadc6-e131-495c-b4fa-546f3690cb56,16e0468d-5cce-4464-8268-836eaa6735c7,WSP_SiteColumn1,TestList,N/A,N/A,FavoriteColorField,0x,2135e033-71b2-40d6-a53f-2ce916c7ab67,CustomField Feature1,N/A,9/4/2015 9:14:32 AM,https://intranet.poc.com/sites/SampleAppCSOM,N/A,customfield.wsp,List Content Types FieldRef,https://intranet.poc.com/,https://intranet.poc.com/sites/SampleAppCSOM
From All Lists Table,Portal_Content_01,4b9fadc6-e131-495c-b4fa-546f3690cb56,16e0468d-5cce-4464-8268-836eaa6735c7,WSP_SiteColumn1,TestList,N/A,wsp_site column 1,FavoriteColorField,0x,2135e033-71b2-40d6-a53f-2ce916c7ab67,CustomField Feature1,N/A,9/4/2015 9:14:32 AM,https://intranet.poc.com/sites/SampleAppCSOM,N/A,customfield.wsp,List Column Field,https://intranet.poc.com/,https://intranet.poc.com/sites/SampleAppCSOM
From All Lists Table,Portal_Content_01,901cf16e-d253-45b0-ab90-8a28e8ac7984,16e0468d-5cce-4464-8268-836eaa6735c7,WSP_SiteColumn1,TestList2,N/A,N/A,FavoriteColorField,0x,2135e033-71b2-40d6-a53f-2ce916c7ab67,CustomField Feature1,N/A,9/4/2015 9:15:31 AM,https://intranet.poc.com/sites/SampleAppCSOM,N/A,customfield.wsp,List Content Types FieldRef,https://intranet.poc.com/,https://intranet.poc.com/sites/SampleAppCSOM
From All Lists Table,Portal_Content_01,901cf16e-d253-45b0-ab90-8a28e8ac7984,16e0468d-5cce-4464-8268-836eaa6735c7,WSP_SiteColumn1,TestList2,N/A,wsp_site column 1,FavoriteColorField,0x,2135e033-71b2-40d6-a53f-2ce916c7ab67,CustomField Feature1,N/A,9/4/2015 9:15:31 AM,https://intranet.poc.com/sites/SampleAppCSOM,N/A,customfield.wsp,List Column Field,https://intranet.poc.com/,https://intranet.poc.com/sites/SampleAppCSOM
From All Lists Table,Portal_Content_01,5c0ca85e-516e-438c-a1d1-927b5b4fa7c2,16e0468d-5cce-4464-8268-836eaa6735c7,WSP_SiteColumn1,PL,N/A,N/A,FavoriteColorField,0x,2135e033-71b2-40d6-a53f-2ce916c7ab67,CustomField Feature1,N/A,9/3/2015 8:31:26 AM,https://intranet.poc.com/sites/SampleAppCSOM,N/A,customfield.wsp,List Content Types FieldRef,https://intranet.poc.com/,https://intranet.poc.com/sites/SampleAppCSOM
From All Lists Table,Portal_Content_01,5c0ca85e-516e-438c-a1d1-927b5b4fa7c2,16e0468d-5cce-4464-8268-836eaa6735c7,WSP_SiteColumn1,PL,N/A,wsp_site column 1,FavoriteColorField,0x,2135e033-71b2-40d6-a53f-2ce916c7ab67,CustomField Feature1,N/A,9/3/2015 8:31:26 AM,https://intranet.poc.com/sites/SampleAppCSOM,N/A,customfield.wsp,List Column Field,https://intranet.poc.com/,https://intranet.poc.com/sites/SampleAppCSOM
From All Lists Table,Portal_Content_01,a57ff6c6-f5d8-4668-a136-1a79548e99d6,a3067688-f0ad-4f3a-8f5b-b80583769989,OOTB_SiteCol1,ListTeam4Cols,N/A,ootb_sitecol1,FavoriteColorField,0x,N/A,N/A,N/A,9/2/2015 9:50:19 PM,https://intranet.poc.com/sites/RajTeam4,N/A,customfield.wsp,List Column Field,https://intranet.poc.com/,https://intranet.poc.com/sites/RajTeam4
From All Lists Table,Portal_Content_01,e2b29258-5016-42de-b382-96fdf7322330,16e0468d-5cce-4464-8268-836eaa6735c7,WSP_SiteColumn1,ListTeam4AllCTs,N/A,N/A,FavoriteColorField,0x,2135e033-71b2-40d6-a53f-2ce916c7ab67,CustomField Feature1,N/A,9/2/2015 9:48:02 PM,https://intranet.poc.com/sites/RajTeam4,N/A,customfield.wsp,List Content Types Field,https://intranet.poc.com/,https://intranet.poc.com/sites/RajTeam4
From All Lists Table,Portal_Content_01,67b1fa71-1823-41d2-ba7f-73fd072a5387,16e0468d-5cce-4464-8268-836eaa6735c7,WSP_SiteColumn1,List_Sub11,N/A,N/A,FavoriteColorField,0x,2135e033-71b2-40d6-a53f-2ce916c7ab67,CustomField Feature1,N/A,10/8/2015 10:18:08 PM,https://intranet.poc.com/sites/RajTeam4,N/A,customfield.wsp,List Content Types Field,https://intranet.poc.com/,https://intranet.poc.com/sites/RajTeam4/Sub1/Sub11
From All Lists Table,Portal_Content_01,894651a3-6597-4948-aded-d706a591a8d9,16e0468d-5cce-4464-8268-836eaa6735c7,WSP_SiteColumn1,List_Sub1,N/A,N/A,FavoriteColorField,0x,2135e033-71b2-40d6-a53f-2ce916c7ab67,CustomField Feature1,N/A,10/8/2015 10:19:21 PM,https://intranet.poc.com/sites/RajTeam4,N/A,customfield.wsp,List Content Types Field,https://intranet.poc.com/,https://intranet.poc.com/sites/RajTeam4/Sub1
From All Lists Table,Portal_Content_01,368ceb22-3d77-4ed3-b77a-67e45a2e169a,16e0468d-5cce-4464-8268-836eaa6735c7,WSP_SiteColumn1,ListA_Sub2,N/A,N/A,FavoriteColorField,0x,2135e033-71b2-40d6-a53f-2ce916c7ab67,CustomField Feature1,N/A,10/8/2015 10:20:28 PM,https://intranet.poc.com/sites/RajTeam4,N/A,customfield.wsp,List Content Types Field,https://intranet.poc.com/,https://intranet.poc.com/sites/RajTeam4/Sub2
From All Lists Table,Portal_Content_01,18a84434-306a-49cb-9513-6540d49a99d8,5f826bac-9aa5-4655-8944-1a064d7fb528,testEmailFieldType,testEmailCustomFieldType,N/A,testemailfieldtype,Email,0x,N/A,N/A,N/A,12/16/2014 6:36:41 PM,https://intranet.poc.com/sites/KTContosoPublishingSite,N/A,customfieldtype_email.wsp,List Column Field,https://intranet.poc.com/,https://intranet.poc.com/sites/KTContosoPublishingSite
From All Lists Table,Portal_Content_02,fe5c4eb1-273d-4047-bb16-5d318eedeb35,a9976e67-bafe-4c75-ba0a-7836c9c8824a,Email,TestEmailFieldType,N/A,email,Email,0x,N/A,N/A,N/A,11/12/2014 10:43:08 PM,https://intranet.poc.com/sites/TestContosoTeamSite_bckup2,N/A,customfieldtype_email.wsp,List Column Field,https://intranet.poc.com/,https://intranet.poc.com/sites/TestContosoTeamSite_bckup2
ContentTypes Table,Team_Content_01,0x01002069D80D8A1048CF94FE0B30A3B9C3B5,4dc28099-41ce-4a49-affe-68e8c0789ecb,DivTestCustomSiteColumnCFT,N/A,https://teams.poc.com/sites/divTestSite,divtestcustomsitecolumncft,DivTestFileType,0x,0a489b2b-0b0e-4810-93a7-b5bceb810561,DivCustomFieldType2Feature1,True,N/A,https://teams.poc.com/sites/divTestSite,N/A,divcustomfieldtype2.wsp,Content Type FieldRef,https://teams.poc.com/,https://teams.poc.com/sites/divTestSite
ContentTypes Table,Team_Content_01,0x010089EC8861D2E04CD0A8E875B2F8A809D3,16e0468d-5cce-4464-8268-836eaa6735c7,WSP_SiteColumn1,N/A,https://teams.poc.com/sites/DTTesting,wsp_site column 1,FavoriteColorField,0x,2135e033-71b2-40d6-a53f-2ce916c7ab67,CustomField Feature1,True,N/A,https://teams.poc.com/sites/DTTesting,N/A,customfield.wsp,Content Type FieldRef,https://teams.poc.com/,https://teams.poc.com/sites/DTTesting
ContentTypes Table,Team_Content_01,0x010089EC8861D2E04CD0A8E875B2F8A809D3,16e0468d-5cce-4464-8268-836eaa6735c7,WSP_SiteColumn1,N/A,https://teams.poc.com/sites/PreMtTesting,wsp_site column 1,FavoriteColorField,0x,2135e033-71b2-40d6-a53f-2ce916c7ab67,CustomField Feature1,True,N/A,https://teams.poc.com/sites/PreMtTesting,N/A,customfield.wsp,Content Type FieldRef,https://teams.poc.com/,https://teams.poc.com/sites/PreMtTesting
ContentTypes Table,Team_Content_01,0x0100B9786769468A4BA69F9F83BD4043A819,26894841-0a62-4bea-a96c-f67819acc4e4,BookNumber,N/A,https://teams.poc.com/sites/DTTesting,book number,ISBN,0x,91c431c2-6ca5-44c2-9b7c-f5ffc41b4554,ISBN_Field_Type Feature1,True,N/A,https://teams.poc.com/sites/DTTesting,N/A,isbn_field_type.wsp,Content Type FieldRef,https://teams.poc.com/,https://teams.poc.com/sites/DTTesting
From All Lists Table,Team_Content_01,da38ae7b-5c28-402b-8944-86b699ed3a6c,2c34ae3f-7c14-439e-ae8a-1be5802f129c,ISBN,CheckListOne,N/A,isbn,ISBN,0x,N/A,N/A,N/A,3/29/2016 7:47:26 AM,https://teams.poc.com/sites/DTTesting,N/A,isbn_field_type.wsp,List Column Field,https://teams.poc.com/,https://teams.poc.com/sites/DTTesting
